Molecule name,RowID,Original_SMILES,Error
Molecule_281,281,CC1(C)CC(CC(C)(C)N1C)N(CCCC)C1N=C(N=C(N=1)N(CCN(CCCNC1N=C(N=C(N=1)N(CCCC)C1CC(C)(C)N(C)C(C)(C)C1)N(CCCC)C1CC(C)(C)N(C)C(C)(C)C1)C1=NC(=NC(=N1)N(CCCC)C1CC(C)(C)N(C)C(C)(C)C1)N(CCCC)C1CC(C)(C)N(C)C(C)(C)C1)CCCNC1N=C(N=C(N=1)N(CCCC)C1CC(C)(C)N(C)C(C)(C)C1)N(CCCC)C1CC(C)(C)N(C)C(C)(C)C1)N(CCCC)C1CC(C)(C)N(C)C(C)(C)C1, Size
Molecule_926,926,CC(O)COCC1OC2OC3C(COCC(C)O)OC(OC4C(COCC(C)O)OC(OC5C(COCC(C)O)OC(OC6C(COCC(C)O)OC(OC7C(COCC(C)O)OC(OC8C(COCC(C)O)OC(OC1C(O)C2O)C(O)C8O)C(O)C7O)C(O)C6O)C(O)C5O)C(O)C4O)C(O)C3O, Size
Molecule_1218,1218,OC1C(=CC(=CC=1O)C(=O)OC1C(OC(=O)C2=CC(O)=C(O)C(=C2)OC(=O)C2=CC(O)=C(O)C(O)=C2)C(OC(COC(=O)C2=CC(O)=C(O)C(=C2)OC(=O)C2=CC(O)=C(O)C(O)=C2)C1OC(=O)C1=CC(O)=C(O)C(=C1)OC(=O)C1=CC(O)=C(O)C(O)=C1)OC(=O)C1=CC(O)=C(O)C(=C1)OC(=O)C1=CC(O)=C(O)C(O)=C1)OC(=O)C1=CC(O)=C(O)C(O)=C1, Size
Molecule_175,175,C1=CC=C(O[Cu]OC2=CC=CC3=CC=CN=C32)C2=NC=CC=C21, Organometallics
Molecule_271,271,CC(=O)O[Sn](CCCC)(CCCC)OC(C)=O, Organometallics
Molecule_496,496,CCCC[Sn](Cl)(Cl)Cl, Organometallics
Molecule_580,580,C[Hg]Cl, Organometallics
Molecule_707,707,[C-]#[W+], Organometallics
Molecule_855,855,C[As](O)(O)=O, Organometallics
Molecule_869,869,CCCCCCCCCCCCCCCCCC[Pb]O[Pb]O[Pb]CCCCCCCCCCCCCCCCCC, Organometallics
Molecule_979,979,O[Sn](C1CCCCC1)(C1CCCCC1)C1CCCCC1, Organometallics
Molecule_1036,1036,ClC1=CC(Cl)=C2C3N=C4C5C(C6N=C7N=C(N=c8c9c(c(=NC(=N3)C2=C1Cl)[n]8[Cu]N46)c(Cl)c(Cl)c(Cl)c9Cl)C1C7=C(Cl)C(Cl)=C(Cl)C=1Cl)=C(Cl)C(Cl)=C(Cl)C=5Cl, Organometallics
Molecule_1052,1052,CCCC[Sn](O)(O)Cl, Organometallics
Molecule_1053,1053,CC(C)(C[Sn](CC(C)(C)C1C=CC=CC=1)(CC(C)(C)C1C=CC=CC=1)O[Sn](CC(C)(C)C1C=CC=CC=1)(CC(C)(C)C1C=CC=CC=1)CC(C)(C)C1C=CC=CC=1)C1C=CC=CC=1, Organometallics
Molecule_1085,1085,C1=CC=CC2=[S][Zn+2]3([O-]N4C=CC=CC4=[S]3)[O-]N21, Organometallics
Molecule_1210,1210,CC(=O)[CH-]C(C)=[O+][Al]([O+]=C(C)[CH-]C(C)=O)[O+]=C(C)[CH-]C(C)=O, Organometallics
Molecule_1287,1287,ClC1=C2C(C3=NC2=NC2=C4C(=C5N=C6N=C(N=c7c8c(c(=N3)[n]7[Cu]N52)c(Br)c(Cl)c(Br)c8Cl)C2C6=C(Cl)C(Cl)=C(Cl)C=2Br)C(Cl)=C(Br)C(Cl)=C4Br)=C(Cl)C(Br)=C1Cl, Organometallics
Molecule_1334,1334,CCCC[Sn](CCCC)(CCCC)CCCC, Organometallics
Molecule_1367,1367,O[Bi]1OC2=CC=CC=C2C(=O)O1, Organometallics
Molecule_1424,1424,CCCCCCCC[Sn]1(CCCCCCCC)OC(=O)CS1, Organometallics
Molecule_1428,1428,CCCCCCCC[Sn](CCCCCCCC)(SCC(=O)OCC(CCCC)CC)SCC(=O)OCC(CCCC)CC, Organometallics
Molecule_1549,1549,O=C1CCCCCN1[Mg]Br, Organometallics
Molecule_1853,1853,CCCC[Sn](O)=O, Organometallics
Molecule_1858,1858,[CH2-][Hg+2], Organometallics
Molecule_1899,1899,CCCC[Sn](OC(=O)C(CCCCC)CC)(OC(=O)C(CCCCC)CC)OC(=O)C(CCCCC)CC, Organometallics
Molecule_2055,2055,CCCCCCCC[Sn](SCC(=O)OCCCCCC(C)C)(SCC(=O)OCCCCCC(C)C)SCC(=O)OCCCCCC(C)C, Organometallics
Molecule_2102,2102,CCCCCCCC[Sn](SCC(=O)OCC(CCCC)CC)(SCC(=O)OCC(CCCC)CC)SCC(=O)OCC(CCCC)CC, Organometallics
Molecule_2218,2218,C1CO[Sb]2OCCO[Sb](O1)OCCO2, Organometallics
Molecule_2283,2283,CCCCCCCC[Sn](Cl)(Cl)Cl, Organometallics
Molecule_2442,2442,CCCCCCCC[Sn](Cl)(Cl)CCCCCCCC, Organometallics
Molecule_2462,2462,CCCCCCCC[Sn](CCCCCCCC)(CCCCCCCC)CCCCCCCC, Organometallics
Molecule_2473,2473,CCCCCCCC[Sn](CCCCCCCC)(OC(=O)CCCCCCCCCCC)OC(=O)CCCCCCCCCCC, Organometallics
Molecule_2541,2541,C[Sn](C)(OC(=O)CCCCCCCC=CCCCCCCCC)OC(=O)CCCCCCCC=CCCCCCCCC, Organometallics
Molecule_2909,2909,ClC=C[As](Cl)Cl, Organometallics
Molecule_2938,2938,CC(C)O[Ti](OC(C)C)(OC(C)C)OC(C)C, Organometallics
Molecule_3005,3005,CCCC[Sn](CCCC)(CCCC)O[Sn](CCCC)(CCCC)CCCC, Organometallics
Molecule_3041,3041,O[Zr](=O)OC(=O)O[Zr](O)=O, Organometallics
Molecule_3050,3050,C[Sn](SCC(=O)OCC(CCCC)CC)(SCC(=O)OCC(CCCC)CC)SCC(=O)OCC(CCCC)CC, Organometallics
Molecule_3099,3099,O=C(O[Bi]=O)O[Bi]=O, Organometallics
Molecule_3254,3254,CC(=O)O[Hg]C1C=CC=CC=1, Organometallics
Molecule_3321,3321,CC(=C)C(=O)O[Zn]O, Organometallics
Molecule_3349,3349,O=C1O[Mn]OC1=O, Organometallics
Molecule_3495,3495,CCCCO[Tl](OCCCC)OCCCC, Organometallics
Molecule_3528,3528,CCCCCCCC[Sn](CCCCCCCC)(OC(=O)C=CC(=O)OCC)OC(=O)C=CC(=O)OCC, Organometallics
Molecule_3558,3558,CCCC[Sn](Cl)(Cl)CCCC, Organometallics
Molecule_3894,3894,C[Sn](C)(Cl)Cl, Organometallics
Molecule_3907,3907,C[As](C)(O)=O, Organometallics
Molecule_3984,3984,O[Sn](C1C=CC=CC=1)(C1C=CC=CC=1)C1C=CC=CC=1, Organometallics
Molecule_4027,4027,CCCC[Sn](CCCC)(OC(=O)CCCCCCCCCCC)OC(=O)CCCCCCCCCCC, Organometallics
Molecule_4111,4111,CC[Pb](CC)(CC)CC, Organometallics
Molecule_4257,4257,CCCC[Sn](=O)CCCC, Organometallics
Molecule_4394,4394,CCCCCCCC[Sn](=O)CCCCCCCC, Organometallics
Molecule_4585,4585,CC(C)CCCCCOP1(OC(C)CC)[S-][Zn+2]2([S-]P(OC(C)CC)(OCCCCCC(C)C)=[S]2)[S]=1, Organometallics
Molecule_4720,4720,CC[Al](CC)CC, Organometallics
Molecule_4741,4741,[O-][N+](=O)C1C=CC(=CC=1)[As](O)(O)=O, Organometallics
Molecule_4839,4839,CCCC[Sn](CCCC)(O[Sn](CCCC)(CCCC)OC(=O)CCCCCCC)OC(=O)CCCCCCC, Organometallics
Molecule_5336,5336,CCCCCCCC[SnH](CCCCCCCC)CCCCCCCC, Organometallics
Molecule_426,426,[K+].[K+].O=C1O[Sb-]23OC(=O)C(O2)C2O[Sb-]4(OC(=O)C(O4)C1O3)OC2=O, Organometallics
Molecule_1122,1122,[Na+].[Na+].[Na+].[Na+].N#C[Fe-4](C#N)(C#N)(C#N)(C#N)C#N, Organometallics
Molecule_1797,1797,[Na+].C[As]([O-])(O)=O, Organometallics
Molecule_5171,5171,CCCC[Sn+2]CCCC.[O-]B([O-])O, Organometallics
Molecule_2809,2809,O.O.[Pb].CC(=O)O[Pb]OC(C)=O, Organometallics
Molecule_2992,2992,C[n]1[s]c(Cl)cc1=O.C[n]1[s]ccc1=O, Mixture
Molecule_262,262,COC(=O)CCCCCCCCC(=O)OC1CC(C)(C)N(C)C(C)(C)C1.CC1(C)CC(CC(C)(C)N1C)OC(=O)CCCCCCCCC(=O)OC1CC(C)(C)N(C)C(C)(C)C1, Mixture
Molecule_468,468,CCC(CO)(CO)CO.CCCCCCCC(O)=O.CCCCCCCCCC(O)=O, Mixture
Molecule_514,514,[Cl-].[Cl-].C[N+]1=CC2C(OC)=C(C=CC=2C2=CC=C3C=C4OCOC4=CC3=C12)OC.C[N+]1=CC2=C3OCOC3=CC=C2C2=CC=C3C=C4OCOC4=CC3=C12, Mixture
Molecule_643,643,CC(C)(C)C1C=C(C(O)=CC=1)C(C)(C)C.ClP(Cl)Cl.C1=CC=CC=C1C1C=CC=CC=1, Mixture
Molecule_792,792,[Ca+2].CC(=O)C(=NNC1=CC=C(C=C1[N+]([O-])=O)S([O-])(=O)=O)C(=O)NC1C=CC=CC=1.CC(=O)C(N=NC1=CC=C(C=C1[N+]([O-])=O)S([O-])(=O)=O)C(=O)NC1C=CC=CC=1.CC(=O)C(N=NC1=CC=C(C=C1[N+]([O-])=O)S([O-])(=O)=O)C(=O)NC1C=CC=CC=1.CC(=O)C(N=NC1=CC=C(C=C1[N+]([O-])=O)S([O-])(=O)=O)C(=O)NC1C=CC=CC=1, Mixture
Molecule_1224,1224,CC(N)C1CCC(N)C(O1)OC1C(O)C(OC2OCC(C)(O)C(NC)C2O)C(N)CC1N.CC1(O)COC(OC2C(O)C(OC3OC(CCC3N)C(C)NC)C(N)CC2N)C(O)C1NC.CC1(O)COC(OC2C(O)C(OC3OC(CCC3N)CN)C(N)CC2N)C(O)C1NC.OS(O)(=O)=O, Mixture
Molecule_1325,1325,[Ni+2].CCCCN.CC(C)(C)CC(C)(C)C1C=C(SC2=CC(=CC=C2[O-])C(C)(C)CC(C)(C)C)C([O-])=CC=1, Mixture
Molecule_1537,1537,CC(O)CN.CC(O)CNC(O)=O, Mixture
Molecule_1968,1968,CC(C)(C1C=CC(O)=CC=1)C1C=CC(O)=CC=1.ClCC1CO1, Mixture
Molecule_1978,1978,[Na+].[Na+].[Na+].[Na+].CC(=O)NC1=CC=C(C2=CC(=CC(O)=C21)S([O-])(=O)=O)S([O-])(=O)=O.[O-]S(=O)(=O)C1C=C2C=CC=C(N=NC3C=CC(=CC=3)S([O-])(=O)=O)C2=CC=1, Mixture
Molecule_2097,2097,CC1=CC=CC(N)=C1N.CC1C=C(N)C(N)=CC=1, Mixture
Molecule_2101,2101,Cl.NC(=N)[O-].OC[P+](CO)(CO)CO, Mixture
Molecule_2325,2325,CC(O)COC(C)CO.OCCO, Mixture
Molecule_2513,2513,NC1N=C(N)N=C(N)N=1.O=c1[nH]c(=O)[nH]c(=O)[nH]1, Mixture
Molecule_2931,2931,OC(=O)C1=CC(=C(C=C1C(O)=O)C(O)=O)C(O)=O.C1CN=C(N1)C1C=CC=CC=1, Mixture
Molecule_3021,3021,CC[N+](CC)(CC)CC.[O-]S(=O)(=O)C(F)(F)C(F)(F)C(F)(F)C(F)(F)C(F)(F)C(F)(F)C(F)(F)C(F)(F)F, Mixture
Molecule_3249,3249,CC(O)C[N+](C)(C)C.CCCCC(CC)C([O-])=O, Mixture
Molecule_3391,3391,C[N+](C)=C1C=CC(C=C1)=C(C1C=CC(=CC=1)N(C)C)C1C=CC(=CC=1)N(C)C.[O-]S(=O)(=O)C1C=C(C=CC=1)N=NC1C=CC(=CC=1)NC1C=CC=CC=1, Mixture
Molecule_3473,3473,CC(O)CN(CC(C)O)CC(C)O.NC1C(Cl)=C(N=C(Cl)C=1Cl)C(O)=O, Mixture
Molecule_3491,3491,CCCCCCCCCCCCCCCCCCO.CCCCCCCCCCCCCCCCO, Mixture
Molecule_3564,3564,CC(=C)CC(C)(C)C.C1=CC=CC=C1NC1C=CC=CC=1, Mixture
Molecule_3591,3591,CCCCCCCCOC(=O)C1=CC=CC=C1C(=O)OCCCCCCCC.CCCCCCOC(=O)C1=CC=CC=C1C(=O)OCCCCCC.CCCCCCCCCCOC(=O)C1=CC=CC=C1C(=O)OCCCCCCCCCC, Mixture
Molecule_3607,3607,[OH-].[Na+].[Na+].CCCCCCCCCCCC1=NCCN1CCO.OC(=O)CCl, Mixture
Molecule_3609,3609,CCCCCCCCCCCCOCC1CO1.CCCCCCCCCCCCCCOCC1CO1.CCCCCCCCCCCCCOCC1CO1, Mixture
Molecule_3610,3610,CC(C)=C.CC1=CC=C(O)C=C1.C1C=CC2C3CC(C=C3)C21, Mixture
Molecule_3627,3627,Cc1cc(CC(C)CC(C)(C)C)[n](O)c(=O)c1.NCCCO, Mixture
Molecule_3628,3628,N.OCCOCCO.C1COCCN1, Mixture
Molecule_3688,3688,[Na+].[Na+].[Cr+3].Cc1[n][n](C2C=CC=CC=2)c(=O)[c-]1N=NC1=CC=C(C=C1[O-])[N+]([O-])=O.Cc1[n][n](C2C=CC=CC=2)c(=O)[c-]1N=NC1=CC(=CC(=C1[O-])S([O-])(=O)=O)[N+]([O-])=O, Mixture
Molecule_3693,3693,[Na+].[Na+].[Cr+3].Cc1[n][n](C2C=CC=CC=2)c(=O)[c-]1N=NC1=CC([O-])=CC=C1[N+]([O-])=O.[O-][N+](=O)C1C=C2C(=CC([O-])=C(N=NC3C4=CC=CC=C4C=CC=3[O-])C2=CC=1)S([O-])(=O)=O, Mixture
Molecule_3707,3707,CC(C)(CO)CO.CCCCCCCCCC(O)=O.CCCCCCCC(O)=O, Mixture
Molecule_3741,3741,CC(C)C1OC2(CC3CC(CC=C(C)C(OC4CC(OC)C(OC5CC(OC)C(O)C(C)O5)C(C)O4)C(C)C=CC=C4COC5C(O)C(C)=CC(C(=O)O3)C45O)O2)C=CC1C.CCC(C)C1OC2(CC3CC(CC=C(C)C(OC4CC(OC)C(OC5CC(OC)C(O)C(C)O5)C(C)O4)C(C)C=CC=C4COC5C(O)C(C)=CC(C(=O)O3)C45O)O2)C=CC1C, Mixture
Molecule_3747,3747,CC(C)CCCCCCCCCCCCCCC(O)=O.OC(O)C(O)C(O)C(O)CO, Mixture
Molecule_3753,3753,[O-][N+](O)=O.OC1CCCCCCCCCCC1.O=C1CCCCCCCCCCC1, Mixture
Molecule_3766,3766,CC(C)CC(C)=O.NCCOCCO, Mixture
Molecule_3801,3801,N#C[O-].N#C[O-].C1C2CCC1C=C2, Mixture
Molecule_3916,3916,[O-]C1C=CC(=CC=1)C(C1C=CC(O)=CC=1)(C(F)(F)F)C(F)(F)F.C(C1C=CC=CC=1)[P+](C1C=CC=CC=1)(C1C=CC=CC=1)C1C=CC=CC=1, Mixture
Molecule_4149,4149,[Mg+2].[O-]C(=O)C1=CC=CC=C1C(=O)O[O-].OC(=O)C1=CC=CC=C1C(=O)OO, Mixture
Molecule_4188,4188,CCCSSCC=C.C=CCSS(=O)CC=C.C=CCSSSCC=C, Mixture
Molecule_4196,4196,CC(C)=CC1C(C(=O)OC2CC(=O)C(CC=CC=C)=C2C)C1(C)C.CC(=CC1C(C(=O)OC2CC(=O)C(CC=CC=C)=C2C)C1(C)C)C(=O)OC, Mixture
Molecule_4230,4230,CCSCCSP(=O)(OCC)OCC.CCSCCOP(=S)(OCC)OCC, Mixture
Molecule_4249,4249,C[S+](C)C.[O-]C(=O)CNCP(O)(O)=O, Mixture
Molecule_4309,4309,CC(C)(C)OC(=O)C(C)(C)ON=C(C1=CSC(NC(C2C=CC=CC=2)(C2C=CC=CC=2)C2C=CC=CC=2)=N1)C(=O)NC1C2SCC(C[N+]3C=CC=CC=3)=C(C([O-])=O)N2C1=O.CC(C)(C)OC(=O)C(C)(C)ON=C(C1=CSC(NC(C2C=CC=CC=2)(C2C=CC=CC=2)C2C=CC=CC=2)=N1)C(=O)NC1C2SCC(C[N+]3C=CC=CC=3)=C(C([O-])=O)N2C1=O.CN(C)C=O.CN(C)C=O.CN(C)C=O.CN(C)C=O.CN(C)C=O, Mixture
Molecule_4310,4310,CP(O)(O)=O.NC(=O)NC(N)=N, Mixture
Molecule_4334,4334,CC1C=C(O)C=CC=1.CC1C=CC(O)=CC=1, Mixture
Molecule_4335,4335,[Na+].[Na+].[Na+].[Cr+3].CC1=NN(C2C=CC=CC=2)C([O-])=C1N=NC1=CC(=CC(=C1[O-])S([O-])(=O)=O)[N+]([O-])=O.[O-]S(=O)(=O)C1=CC([O-])=C(N=NC2=CC=CC3=CC=CC([O-])=C32)C2=CC=C(C=C21)[N+]([O-])=O, Mixture
Molecule_4359,4359,CN1C(C)(C)CC(O)CC1(C)C.CC(C)(CO)C1OCC2(CO1)COC(OC2)C(C)(C)CO.COC(=O)CC(C(CC(=O)OC)C(=O)OC)C(=O)OC, Mixture
Molecule_4476,4476,CCC=C.CC=CC, Mixture
Molecule_4614,4614,CCCCCO.CC(C)CCO, Mixture
Molecule_4638,4638,COC(=O)CCCC(=O)OC.COC(=O)CCCCC(=O)OC.COC(=O)CCC(=O)OC, Mixture
Molecule_4665,4665,CCCCCCCCCCCCOC(=O)CCCCCCC.CCCCCCCCCC(=O)OCCCCCCCCCCCC, Mixture
Molecule_4797,4797,CC1C=CC(=CC=1)[I+]C1C=CC(=CC=1)C(C)C.FC1C(F)=C(F)C(=C(F)C=1F)[B-](C1=C(F)C(F)=C(F)C(F)=C1F)(C1=C(F)C(F)=C(F)C(F)=C1F)C1=C(F)C(F)=C(F)C(F)=C1F, Mixture
Molecule_5143,5143,CCCC[N+](CC1C=CC=CC=1)(CCCC)CCCC.[O-]S(=O)(=O)C1=CC=C(O)C2=CC=CC=C12, Mixture
Molecule_5148,5148,[Zn].CCCC1C=C(C(O)=C(CCC)C=1)C(O)=O.CCCCC1C=C(C(O)=C(CCC)C=1)C(O)=O, Mixture
Molecule_5153,5153,[O-2].[O-2].[O-2].[Mn+4].[Mn+4].CN1CCN(C)CCN(C)CC1.CN1CCN(C)CCNCC1.F[P-](F)(F)(F)(F)F.F[P-](F)(F)(F)(F)F, Mixture
Molecule_5202,5202,C[N+](C)(C)C.C[N+](C)(C)C.C[N+](C)(C)C.C[N+](C)(C)C.C[N+](C)(C)C.C[N+](C)(C)C.[O-]S(=O)(=O)C1=CC2=CC(=CC(NC3N=C(NC4C=C(C(C=CC5=CC=C(C=C5S([O-])(=O)=O)NC5N=C(NC6=CC(=CC7=CC(=C(N=NC8C=CC=CC=8)C(O)=C76)S([O-])(=O)=O)S([O-])(=O)=O)N=C(N=5)N5CCOCC5)=CC=4)S([O-])(=O)=O)N=C(N=3)N3CCOCC3)=C2C(O)=C1N=NC1C=CC=CC=1)S([O-])(=O)=O, Mixture
Molecule_5221,5221,[Li+].[Na+].[Cr+2].CC1=NN(C2C=CC(C)=CC=2)C([O-])=C1N=NC1=CC(=CC(=C1[O-])S([O-])(=O)=O)[N+]([O-])=O.CC1NN=C([O-])C=1N=NC1=CC(Cl)=CC=C1[O-], Mixture
Molecule_5285,5285,CC(CCC1C=CC=CC=1)NCC(O)C1C=C(C(N)=O)C(O)=CC=1.OC(=O)C(OC(=O)C1C=CC=CC=1)C(OC(=O)C1C=CC=CC=1)C(O)=O, Mixture
Molecule_5311,5311,CCCC[B-](C1C=CC=CC=1)(C1C=CC=CC=1)C1C=CC=CC=1.CCCC[N+](CCCC)(CCCC)CCCC, Mixture
Molecule_5312,5312,CCCC[P+](CCCC)(CCCC)CCCC.[O-]S(=O)(=O)C(F)(F)C(F)(F)C(F)(F)C(F)(F)F, Mixture
Molecule_5313,5313,[H+].[Cr+3].CCCCCCCCCCCCCCN.[O-]C1C=CC2=CC=CC=C2C=1N=NC1=CC(Cl)=CC=C1[O-].[O-]C1C=CC2=CC=CC=C2C=1N=NC1=CC(Cl)=CC=C1[O-], Mixture
Molecule_5317,5317,CC1=CC(=CC=C1N=NC1C=C2C(=CC=CC2=C(C=1)S(O)(=O)=O)S(O)(=O)=O)NC1=NC(NCCO)=NC(NC2C=C(C)C(=CC=2)N=NC2=CC(=C3C=CC=C(C3=C2)S(O)(=O)=O)S(O)(=O)=O)=N1.C[N+](C)(C)C.C[N+](C)(C)C.C[N+](C)(C)C.C[N+](C)(C)C, Mixture
Molecule_5319,5319,C[N+](C)(C)C.[O-]C(=O)C1=CC=CC=C1C(O)=O, Mixture
Molecule_5338,5338,C[N+](C)(C)C.C[N+](C)(C)C.C[N+](C)(C)C.OC(=O)c1[nH][n](C2C=CC(=CC=2)S(O)(=O)=O)c(=O)c1N=NC1C=CC(=CC=1)S(O)(=O)=O, Mixture
Molecule_8,8,[Ba+2].[O-][N+]([O-])=O.[O-][N+]([O-])=O, Inorganic
Molecule_9,9,Cl[Nd](Cl)Cl, Inorganic
Molecule_11,11,Cl[Cr](Cl)Cl, Inorganic
Molecule_12,12,O.O.O.O.O.O.O.[Cl-].[Cl-].[Cl-].[La+3], Inorganic
Molecule_13,13,Cl[Sb](Cl)Cl, Inorganic
Molecule_14,14,Cl[Si](Cl)(Cl)Cl, Inorganic
Molecule_16,16,[Fe+3].[Fe+3].[O-]S([O-])(=O)=O.[O-]S([O-])(=O)=O.[O-]S([O-])(=O)=O, Inorganic
Molecule_21,21,Cl[Ge](Cl)(Cl)Cl, Inorganic
Molecule_22,22,[NH3+]O.[NH3+]O.[O-]S([O-])(=O)=O, Inorganic
Molecule_29,29,[Sr+2].[O-][N+]([O-])=O.[O-][N+]([O-])=O, Inorganic
Molecule_30,30,[Al+3].[Al+3].[O-]S([O-])(=O)=O.[O-]S([O-])(=O)=O.[O-]S([O-])(=O)=O, Inorganic
Molecule_31,31,OB(O)O, Inorganic
Molecule_32,32,[Cl-].[Cl-].[Ca+2], Inorganic
Molecule_34,34,[Al+3].[K+].[O-]S([O-])(=O)=O.[O-]S([O-])(=O)=O, Inorganic
Molecule_37,37,[O-][Cl+][O] |^1:2|, Inorganic
Molecule_52,52,Cl[La](Cl)Cl, Inorganic
Molecule_53,53,[La+3].[O-][N+]([O-])=O.[O-][N+]([O-])=O.[O-][N+]([O-])=O, Inorganic
Molecule_54,54,[Pb+2].[O-][N+]([O-])=O.[O-][N+]([O-])=O, Inorganic
Molecule_56,56,[Na+].[O-][Mn](=O)(=O)=O, Inorganic
Molecule_57,57,[NH4+].[Mn+3].[O-]P([O-])(=O)OP([O-])([O-])=O, Inorganic
Molecule_59,59,[Na+].[Na+].[O-][Se]([O-])=O, Inorganic
Molecule_60,60,[Tl+].[O-][N+]([O-])=O, Inorganic
Molecule_62,62,[Cl-].[Cl-].[Cd+2], Inorganic
Molecule_63,63,[Ce+3].[O-][N+]([O-])=O.[O-][N+]([O-])=O.[O-][N+]([O-])=O, Inorganic
Molecule_66,66,Cl[Hg][Hg]Cl, Inorganic
Molecule_68,68,[K+].[K+].[O-]S([O-])=O, Inorganic
Molecule_74,74,[Ca+2].[O-][N+]([O-])=O.[O-][N+]([O-])=O, Inorganic
Molecule_75,75,[Ca+2].[O-]S(=O)(=O)[S-], Inorganic
Molecule_76,76,[Co+2].[O-]S([O-])(=O)=O, Inorganic
Molecule_77,77,[Na+].[Na+].[Na+].[Na+].[Na+].[Na+].[O-]P1(=O)OP([O-])(=O)OP([O-])(=O)OP([O-])(=O)OP([O-])(=O)OP([O-])(=O)O1, Inorganic
Molecule_78,78,[O-2].[Na+].[Na+].[Na+].[Na+].O=[Si]=O.O=[Al]O[Al]=O.[S-]S[S-], Inorganic
Molecule_81,81,[Co+2].[O-][N+]([O-])=O.[O-][N+]([O-])=O, Inorganic
Molecule_91,91,[Na+].[Na+].[O-]P([O-])(=O)F, Inorganic
Molecule_100,100,[NH4+].[O-]S(O)=O, Inorganic
Molecule_102,102,[NH4+].[NH4+].[O-]S([O-])=O, Inorganic
Molecule_109,109,O.O.[Na+].[Na+].[O-][W]([O-])(=O)=O, Inorganic
Molecule_125,125,[Ca+2].[O-]S([O-])=O, Inorganic
Molecule_132,132,O.O.O.O.O.O.[La+3].[O-][N+]([O-])=O.[O-][N+]([O-])=O.[O-][N+]([O-])=O, Inorganic
Molecule_133,133,[Na+].[Na+].[Na+].[Al+3].[Al+3].[O-]P([O-])(O)=O.[O-]P(O)(O)=O.[O-]P(O)(O)=O.[O-]P(O)(O)=O.[O-]P(O)(O)=O.[O-]P(O)(O)=O.[O-]P(O)(O)=O.[O-]P(O)(O)=O, Inorganic
Molecule_136,136,[Ag+].[Ag+].[O-]S([O-])(=O)=O, Inorganic
Molecule_137,137,ClB(Cl)Cl, Inorganic
Molecule_138,138,[Cs+].[Cs+].[O-]S([O-])(=O)=O, Inorganic
Molecule_139,139,[K+].[K+].[O-]S([O-])(=O)=S, Inorganic
Molecule_143,143,O.O.O.O.[Na+].[Al+3].[Al+3].[Al+3].[O-]P([O-])(O)=O.[O-]P([O-])(O)=O.[O-]P(O)(O)=O.[O-]P(O)(O)=O.[O-]P(O)(O)=O.[O-]P(O)(O)=O.[O-]P(O)(O)=O.[O-]P(O)(O)=O, Inorganic
Molecule_150,150,[O-][N+](=O)O[Cd]O[N+]([O-])=O, Inorganic
Molecule_162,162,[Cl-].[Cl-].[Ba+2], Inorganic
Molecule_163,163,O[Bi](O)O, Inorganic
Molecule_164,164,[Bi+3].[O-][N+]([O-])=O.[O-][N+]([O-])=O.[O-][N+]([O-])=O, Inorganic
Molecule_165,165,[Cl-].[Cl-].[Cl-].[Pr+3], Inorganic
Molecule_166,166,Cl[Sm](Cl)Cl, Inorganic
Molecule_167,167,[O-][N+](=O)[Sm]([N+]([O-])=O)[N+]([O-])=O, Inorganic
Molecule_172,172,[Li+].[Li+].[O-]S([O-])(=O)=O, Inorganic
Molecule_173,173,[Mn+2].[O-][N+]([O-])=O.[O-][N+]([O-])=O, Inorganic
Molecule_202,202,[Cl-].[Cl-].[Sr+2], Inorganic
Molecule_230,230,[Na+].[Na+].[O-][Cr](=O)(=O)O[Cr]([O-])(=O)=O, Inorganic
Molecule_237,237,NCl, Inorganic
Molecule_445,445,[OH-].[K+].[Zn+2].[Zn+2].[O-][Cr]([O-])(=O)=O.[O-][Cr]([O-])(=O)=O, Inorganic
Molecule_454,454,[Pb+4].[O-][Si]([O-])=O.[O-][Si]([O-])=O, Inorganic
Molecule_455,455,[NH4+].[NH4+].[O-][W]([O-])(=O)=O, Inorganic
Molecule_462,462,[B].[B].[O-2].[K+].[K+], Inorganic
Molecule_463,463,[O-2].[O-2].[O-2].[Ca+2].[Zr+4], Inorganic
Molecule_658,658,[F-].[F-].[Mg+2].[Mg+2].[Mg+2].[K+].[O-][Si]([O-])=O.[O-][Si]([O-])=O.[O-][Si]([O-])=O.O=[Al+], Inorganic
Molecule_659,659,[Al+3].[Al+3].[O-]S([O-])(=O)=O.[O-]S([O-])(=O)=O.[O-]S([O-])(=O)=O.O=[Ca].O=[Ca].O=[Ca].O=[Ca].O=[Ca].O=[Ca], Inorganic
Molecule_660,660,[O-2].[O-2].[O-2].[O-2].[O-2].[Al+3].[Al+3].[Ti+4], Inorganic
Molecule_662,662,[NH4+].[O-]B([O-])[O-].[O-]B([O-])[O-].[O-]B([O-])[O-].[O-]B([O-])[O-].[O-]B([O-])[O-], Inorganic
Molecule_663,663,[Na+].[O-]B([O-])[O-].[O-]B([O-])[O-].[O-]B([O-])[O-].[O-]B([O-])[O-].[O-]B([O-])[O-], Inorganic
Molecule_664,664,[Na+].[Na+].[O-]B1OB([O-])OB2OB(O1)OB(OB(O2)OB=O)OB=O, Inorganic
Molecule_667,667,[Ca+2].[O-][Sn]([O-])=O, Inorganic
Molecule_669,669,O[Co]=O, Inorganic
Molecule_671,671,[H+].[H+].[F-].[F-].[F-].[F-].[F-].[F-].[Zr+4], Inorganic
Molecule_673,673,[O-2].[O-2].[O-2].[O-2].[O-2].[Ti+4].[Fe+3].[Fe+3], Inorganic
Molecule_674,674,[P-3].[Fe+2].[Fe+2].[Fe+2], Inorganic
Molecule_675,675,[NH4+].[I-], Inorganic
Molecule_676,676,N.N.N.N.N.N.O.O.O.O.O.O.O.O.O.O.O.O.O.O.O.O.O.O.O.O.O.O.O.O.[Mo].[Mo].[Mo].[Mo].[Mo].[Mo].[Mo], Inorganic
Molecule_677,677,[Li+].[Li+].[O-][Ti]([O-])=O, Inorganic
Molecule_679,679,N12[Si]34N5[Si]61N3[Si]52N64, Inorganic
Molecule_680,680,[O-2].[Nb+2], Inorganic
Molecule_681,681,O=[Nb]=O, Inorganic
Molecule_682,682,O=[V]=O, Inorganic
Molecule_683,683,O=[W]=O, Inorganic
Molecule_684,684,[O-2].[Pb+2].[Pb+2].[O-]S([O-])(=O)=O, Inorganic
Molecule_685,685,[O-2].[O-2].[O-2].[O-2].[O-2].[O-2].[O-2].[O-2].[O-2].[O-2].[O-2].[Pr+3].[Pr+3].[Pr+3].[Pr+3].[Pr+3].[Pr+3], Inorganic
Molecule_686,686,[Si+4].[Si+4].[Si+4].[O-]P([O-])([O-])=O.[O-]P([O-])([O-])=O.[O-]P([O-])([O-])=O.[O-]P([O-])([O-])=O, Inorganic
Molecule_688,688,[Na+].[Mg+2].[Al+3].[O-][Si]([O-])=O.[O-][Si]([O-])=O.[O-][Si]([O-])=O, Inorganic
Molecule_689,689,[Ca+2].[Ca+2].[Ca+2].[O-]B([O-])[O-].[O-]B([O-])[O-], Inorganic
Molecule_691,691,[Ba+2].[O-][Ti]([O-])=O, Inorganic
Molecule_694,694,[OH-].[OH-].[Ni+2], Inorganic
Molecule_698,698,[Pb+2].[O-][Ti]([O-])=O, Inorganic
Molecule_699,699,[Sr+2].[O-][Ti]([O-])=O, Inorganic
Molecule_700,700,[O-2].[O-2].[O-2].[Er+3].[Er+3], Inorganic
Molecule_702,702,[O-2].[O-2].[O-2].[Mn+2].[Fe+3], Inorganic
Molecule_703,703,[O-2].[O-2].[O-2].[O-2].[Pb+2].[Pb+2].[Pb+2].[Pb+2].[Pb+2].[O-]S([O-])(=O)=O, Inorganic
Molecule_704,704,S=[Sn], Inorganic
Molecule_705,705,[O-2].[O-2].[O-2].[O-2].[Al+3].[Al+3].[Zn+2], Inorganic
Molecule_727,727,[NH4+].[Br-], Inorganic
Molecule_728,728,[NH4+].[F-], Inorganic
Molecule_729,729,[NH4+].[Cl-], Inorganic
Molecule_734,734,[O-2].[O-2].[Pb+2].[Pb+2].[Pb+2].[O-]P([O-])=O, Inorganic
Molecule_742,742,[O-2].[O-2].[K+].[Fe+3], Inorganic
Molecule_744,744,[OH-].[Ca+2].[Ca+2].[Ca+2].[Ca+2].[Ca+2].[O-]P([O-])([O-])=O.[O-]P([O-])([O-])=O.[O-]P([O-])([O-])=O, Inorganic
Molecule_750,750,[Li+].[O-2].[O-2].[Co+3], Inorganic
Molecule_754,754,[O-2].[O-2].[O-2].[Pb+2].[Pb+2].[Pb+2].[Pb+2].[O-]S([O-])(=O)=O, Inorganic
Molecule_757,757,[NH4+].[O-2].[O-2].[O-2].[O-2].[O-2].[O-2].[O-2].[O-2].[V].[V].[V], Inorganic
Molecule_781,781,[OH-].[OH-].[OH-].[OH-].[Na+].[Al+3], Inorganic
Molecule_840,840,[NH4+].[NH4+].[NH4+].[NH4+].[O-2].[O-2].[O-2].[O-2].[O-2].[O-2].[O-2].[O-2].[O-2].[O-2].[O-2].[O-2].O=[Mo+2]=O.O=[Mo+2]=O.O=[Mo+2]=O.O=[Mo+2]=O.O=[Mo+2]=O.O=[Mo+2]=O.O=[Mo+4].O=[Mo+4], Inorganic
Molecule_874,874,S=[Mo]=S, Inorganic
Molecule_876,876,[O-2].[O-2].[O-2].[O-2].[O-2].[Ti+4].[Zr+4].[Pb+2], Inorganic
Molecule_877,877,[Li+].[Li+].[O-][Si]([O-])=O, Inorganic
Molecule_884,884,[Pb+2].[Pb+2].[Pb+2].[O-]S([O-])(=O)=O.[O-][Cr]([O-])(=O)=O.[O-][Mo]([O-])(=O)=O, Inorganic
Molecule_889,889,[O-2].[O-2].[O-2].[O-2].[O-2].[Al+3].[Al+3].[Co+2].[Co+2], Inorganic
Molecule_914,914,[B+3].[B+3].[B+3].[B+3].[B+3].[B+3].[O-2].[O-2].[O-2].[O-2].[O-2].[O-2].[O-2].[O-2].[O-2].[O-][Zn+].[O-][Zn+], Inorganic
Molecule_916,916,[Na+].[Na+].[Na+].[Na+].[Na+].[Na+].[Al+3].[Al+3].[Al+3].[Al+3].[Al+3].[Al+3].[O-][Si]([O-])([O-])[O-].[O-][Si]([O-])([O-])[O-].[O-][Si]([O-])([O-])[O-].[O-][Si]([O-])([O-])[O-].[O-][Si]([O-])([O-])[O-].[O-][Si]([O-])([O-])[O-].S1SSS1.S1SSS1, Inorganic
Molecule_947,947,[Na+].O=[Al-]=O, Inorganic
Molecule_949,949,[Mg+2].O=[Al-]=O.O=[Al-]=O, Inorganic
Molecule_950,950,[Ga]#[As], Inorganic
Molecule_951,951,O=[As](=O)O[As](=O)=O, Inorganic
Molecule_952,952,[B+3].[B+3].[O-2].[O-2].[O-2], Inorganic
Molecule_953,953,O.O.O.O.O.O.O.O.O.O.[Na+].[Na+].[O-]B1OB2OB([O-])OB(O1)O2, Inorganic
Molecule_955,955,O=[Bi]O[Bi]=O, Inorganic
Molecule_956,956,[O-2].[OH-].[OH-].[OH-].[OH-].[OH-].[OH-].[OH-].[OH-].[OH-].[Bi+3].[Bi+3].[Bi+3].[Bi+3].[Bi+3].[O-][N+]([O-])=O.[O-][N+]([O-])=O.[O-][N+]([O-])=O.[O-][N+]([O-])=O, Inorganic
Molecule_958,958,O[Ca]O, Inorganic
Molecule_959,959,[O-2].[Ca+2], Inorganic
Molecule_960,960,O=[Cd], Inorganic
Molecule_961,961,[O-2].[O-2].[Ce+4], Inorganic
Molecule_964,964,[O-2].[Co+2], Inorganic
Molecule_965,965,[O-2].[O-2].[O-2].[O-2].[Co+2].[Co+3].[Co+3], Inorganic
Molecule_966,966,O=[Cr]O[Cr]=O, Inorganic
Molecule_968,968,[Mg+2].[O-]P(O)(O)=O.[O-]P(O)(O)=O, Inorganic
Molecule_969,969,O=[Fe]O[Fe]=O, Inorganic
Molecule_971,971,[OH-].[OH-].[Mg+2], Inorganic
Molecule_972,972,O=[Sb]O[Sb]=O, Inorganic
Molecule_973,973,[OH-].[K+], Inorganic
Molecule_974,974,[Li+].[OH-], Inorganic
Molecule_975,975,[OH-].[Na+], Inorganic
Molecule_976,976,O[Rb], Inorganic
Molecule_981,981,[K+].[O-][Si](O)=O, Inorganic
Molecule_982,982,O=[La]O[La]=O, Inorganic
Molecule_984,984,[O-2].[O-2].[Mn+4], Inorganic
Molecule_985,985,O=[Mo](=O)=O, Inorganic
Molecule_987,987,[Na+].[Na+].[S-2], Inorganic
Molecule_988,988,[O-2].[O-2].[O-2].[O-2].[O-2].[Nb+5].[Nb+5], Inorganic
Molecule_989,989,O=[Nd]O[Nd]=O, Inorganic
Molecule_990,990,O=[Sr], Inorganic
Molecule_991,991,[O-2].[Zn+2], Inorganic
Molecule_992,992,[O-2].[O-2].[Zr+2], Inorganic
Molecule_993,993,O=[V]O[V]=O, Inorganic
Molecule_994,994,O=[W](=O)=O, Inorganic
Molecule_995,995,O1[Pb]O[Pb]21O[Pb]O2, Inorganic
Molecule_996,996,O=[Sb](=O)O[Sb](=O)=O, Inorganic
Molecule_997,997,O=[V](=O)O[V](=O)=O, Inorganic
Molecule_998,998,[Zn]=P[Zn]P=[Zn], Inorganic
Molecule_999,999,[S-2].[Pb+2], Inorganic
Molecule_1000,1000,[S-2].[Sn+2], Inorganic
Molecule_1001,1001,[S-2].[Zn+2], Inorganic
Molecule_1003,1003,[S-2].[S-2].[Sn+4], Inorganic
Molecule_1008,1008,[O-2].[O-2].[O-2].[Mn+3].[Mn+3], Inorganic
Molecule_1009,1009,[O-2].[Pb+2], Inorganic
Molecule_1010,1010,S=[Fe], Inorganic
Molecule_1011,1011,S=[Co], Inorganic
Molecule_1012,1012,O=[Ti]=O, Inorganic
Molecule_1014,1014,[O-2].[OH-].[Al+3], Inorganic
Molecule_1030,1030,[Al+3].[Al+3].[O-][Si]([O-])=O.[O-][Si]([O-])=O.[O-][Si]([O-])=O, Inorganic
Molecule_1031,1031,[Al+3].[Cl-].[Cl-].[Cl-], Inorganic
Molecule_1032,1032,[Mg+2].[Al+3].[O-][Si]([O-])=O, Inorganic
Molecule_1033,1033,[O-2].[O-2].[O-2].[As+3].[As+3], Inorganic
Molecule_1035,1035,Cl[W](Cl)(Cl)(Cl)(Cl)Cl, Inorganic
Molecule_1039,1039,[Na+].[Na+].[O-]B1OB2OB([O-])OB(O1)O2, Inorganic
Molecule_1043,1043,O=P12OB(O1)O2, Inorganic
Molecule_1046,1046,[Zn+2].[Zn+2].[Zn+2].[O-]B([O-])[O-].[O-]B([O-])[O-], Inorganic
Molecule_1047,1047,[K+].[K+].[O-]B1OB2OB([O-])OB(O1)O2, Inorganic
Molecule_1048,1048,O=[Sb]O[Sb](=O)=O, Inorganic
Molecule_1066,1066,[Na+].[Na+].[O-][Se]([O-])(=O)=O, Inorganic
Molecule_1071,1071,[Mg+2].[O-][Si]([O-])=O, Inorganic
Molecule_1072,1072,[Na+].[Al+3].[O-][Si]([O-])=O.[O-][Si]([O-])=O, Inorganic
Molecule_1073,1073,[Na+].[Al+3].[Ca+2].[O-][Si]([O-])([O-])[O-], Inorganic
Molecule_1074,1074,[Na+].[Na+].[O-][Si]([O-])=O, Inorganic
Molecule_1075,1075,[O-2].[O-2].[O-2].[Al+3].[Al+3], Inorganic
Molecule_1076,1076,[O-2].[O-2].[O-2].[O-2].[K+].[K+].[Mo+6], Inorganic
Molecule_1077,1077,[Ca+2].[S-]SSS[S-], Inorganic
Molecule_1078,1078,[Ca+2].[Ca+2].[O-][Si]([O-])([O-])[O-], Inorganic
Molecule_1079,1079,S=[Sb]S[Sb]=S, Inorganic
Molecule_1080,1080,[Sr+2].[O-]P([O-])(O)=O, Inorganic
Molecule_1081,1081,[O-2].[Fe+2], Inorganic
Molecule_1086,1086,[O-2].[O-2].[Ti+2], Inorganic
Molecule_1087,1087,[Na+].[Na+].[Na+].[O-][As]([O-])([O-])=O, Inorganic
Molecule_1088,1088,O[As](O)O, Inorganic
Molecule_1089,1089,NN.[O-][N+](O)=O, Inorganic
Molecule_1090,1090,NO.[O-][N+](O)=O, Inorganic
Molecule_1093,1093,[Na+].[Na+].[O-][W]([O-])(=O)=O, Inorganic
Molecule_1094,1094,[Al+3].[O-][N+]([O-])=O.[O-][N+]([O-])=O.[O-][N+]([O-])=O, Inorganic
Molecule_1098,1098,[Te] |^3:0|, Inorganic
Molecule_1099,1099,[Cl-].[Cl-].[Cl-].[Cl-].[Hf+4], Inorganic
Molecule_1103,1103,[Al+3].[O-]P(O)(O)=O.[O-]P(O)(O)=O.[O-]P(O)(O)=O, Inorganic
Molecule_1106,1106,[Cr+3].[O-][N+]([O-])=O.[O-][N+]([O-])=O.[O-][N+]([O-])=O, Inorganic
Molecule_1116,1116,[Zn+2].[O-][Se]([O-])=O, Inorganic
Molecule_1117,1117,OP(O)=O, Inorganic
Molecule_1118,1118,[Zn+2].[O-]P(O)(O)=O.[O-]P(O)(O)=O, Inorganic
Molecule_1119,1119,[NH4+].O=[Re-](=O)(=O)=O, Inorganic
Molecule_1152,1152,[Ba+2].[O-]B=O.[O-]B=O, Inorganic
Molecule_1153,1153,[V+3].[V+3].[O-]S([O-])(=O)=O.[O-]S([O-])(=O)=O.[O-]S([O-])(=O)=O, Inorganic
Molecule_1156,1156,[Na+].[Na+].[O-]P([O-])=O, Inorganic
Molecule_1157,1157,F[La](F)F, Inorganic
Molecule_1161,1161,[Na+].[O-][V](=O)=O, Inorganic
Molecule_1162,1162,[Ba+2].[O-][Se]([O-])=O, Inorganic
Molecule_1172,1172,[K+].[O-][V](=O)=O, Inorganic
Molecule_1173,1173,[Fe+3].[Fe+3].[O-][Mo]([O-])(=O)=O.[O-][Mo]([O-])(=O)=O.[O-][Mo]([O-])(=O)=O, Inorganic
Molecule_1174,1174,[Ni+2].NS([O-])(=O)=O.NS([O-])(=O)=O, Inorganic
Molecule_1175,1175,[Mg+2].[O-]S(O)=O.[O-]S(O)=O.[O-]S(O)=O.[O-]S(O)=O, Inorganic
Molecule_1176,1176,[Al+3].[O-]P(=O)=O.[O-]P(=O)=O.[O-]P(=O)=O, Inorganic
Molecule_1177,1177,[Ca+2].[O-]N=O.[O-]N=O, Inorganic
Molecule_1178,1178,O=[Ti](Cl)Cl, Inorganic
Molecule_1181,1181,[Pb+2].F[B-](F)(F)F.F[B-](F)(F)F, Inorganic
Molecule_1182,1182,[Sn+2].F[B-](F)(F)F.F[B-](F)(F)F, Inorganic
Molecule_1183,1183,N.N.N.N.[Cl-].[Cl-].[Pd+2], Inorganic
Molecule_1186,1186,[Zr+2].[O-]S([O-])(=O)=O, Inorganic
Molecule_1188,1188,O=[Ti]1OS(=O)(=O)O1, Inorganic
Molecule_1191,1191,[K+].[K+].[K+].[K+].[K+].[O-]P(=O)(OP([O-])([O-])=O)OP([O-])([O-])=O, Inorganic
Molecule_1193,1193,[F-].[F-].[F-].[F-].[Al+3].[Cs+], Inorganic
Molecule_1196,1196,[Na+].[Na+].[O-][Si](=O)O[Si]([O-])=O, Inorganic
Molecule_1211,1211,[K+].[O-]P(O)=O, Inorganic
Molecule_1227,1227,[Bi+3].[O-][V]([O-])([O-])=O, Inorganic
Molecule_1232,1232,[K+].F[B-](F)(F)F, Inorganic
Molecule_1244,1244,[O-][Se]([O-])=O, Inorganic
Molecule_1276,1276,[Pb+2], Inorganic
Molecule_1323,1323,[F-].[F-].[F-].[F-].[Al+3].[K+], Inorganic
Molecule_1336,1336,[NH4+].[NH4+].[Cl-].[Cl-].[Cl-].[Cl-].[Zn+2], Inorganic
Molecule_1340,1340,[Na+].[Na+].[Na+].[O-]P([O-])(=O)OP([O-])(O)=O, Inorganic
Molecule_1353,1353,[O-][N+]([O-])=O, Inorganic
Molecule_1354,1354,[O-]N=O, Inorganic
Molecule_1355,1355,[O-][Cl+3]([O-])([O-])[O-], Inorganic
Molecule_1357,1357,O.O=[Si]=O.O=[Si]=O.O=[Si]=O.O=[Si]=O.O=[Mg].O=[Mg].O=[Mg], Inorganic
Molecule_1368,1368,[K+].[O-]P(O)(O)=O.OP(O)(O)=O, Inorganic
Molecule_1373,1373,[Fe+2].[Fe+2].[Fe+2].[O-]P([O-])([O-])=O.[O-]P([O-])([O-])=O, Inorganic
Molecule_1391,1391,[Na+].[Na+].[Na+].F[Al-3](F)(F)(F)(F)F, Inorganic
Molecule_1394,1394,[O-2].[O-2].[O-2].[O-2].[O-2].[O-2].[O-2].[O-2].[O-2].[O-2].[O-2].[O-2].[Al+3].[Al+3].[Mo+6].[Mo+6].[Mo+6], Inorganic
Molecule_1396,1396,[Na+].[Al+3].[Al+3].[Al+3].[O-]P([O-])(O)=O.[O-]P([O-])(O)=O.[O-]P(O)(O)=O.[O-]P(O)(O)=O.[O-]P(O)(O)=O.[O-]P(O)(O)=O.[O-]P(O)(O)=O.[O-]P(O)(O)=O, Inorganic
Molecule_1404,1404,[NH4+].[Ca+2].[O-][N+]([O-])=O.[O-][N+]([O-])=O.[O-][N+]([O-])=O, Inorganic
Molecule_1417,1417,[Na+].O=[Sb-](=O)=O, Inorganic
Molecule_1425,1425,[O-][Br+2]([O-])[O-], Inorganic
Molecule_1478,1478,[Cr+3], Inorganic
Molecule_1516,1516,O=[U+2]=O, Inorganic
Molecule_1522,1522,[Na]S, Inorganic
Molecule_1523,1523,[K+].[K+].[O-]S(=O)S([O-])(=O)=O, Inorganic
Molecule_1527,1527,[NH4+].[NH4+].[Ce+4].[O-][N+]([O-])=O.[O-][N+]([O-])=O.[O-][N+](O)=O.[O-][N+](O)=O.[O-][N+](O)=O.[O-][N+](O)=O, Inorganic
Molecule_1529,1529,[S-2].[Ni+2], Inorganic
Molecule_1534,1534,[H+].F[B-](F)(F)F, Inorganic
Molecule_1539,1539,[K+].[K+].F[Ti-2](F)(F)(F)(F)F, Inorganic
Molecule_1540,1540,[K+].[K+].F[Zr-2](F)(F)(F)(F)F, Inorganic
Molecule_1541,1541,[BH4+3].[Na+], Inorganic
Molecule_1543,1543,[H+].[H+].F[Si-2](F)(F)(F)(F)F, Inorganic
Molecule_1552,1552,[Li+].O=S(=O)(F)[N-]S(=O)(=O)F, Inorganic
Molecule_1555,1555,[OH-].[OH-].[Ba+2], Inorganic
Molecule_1570,1570,[H+].[H+].[F-][Ti+4]([F-])([F-])([F-])([F-])[F-], Inorganic
Molecule_1621,1621,[O-2].[O-2].[Sn+4], Inorganic
Molecule_1632,1632,O[Sr]O, Inorganic
Molecule_1637,1637,[Cr+6], Inorganic
Molecule_1658,1658,O=[Mo]=O, Inorganic
Molecule_1728,1728,[OH-].[OH-].[Zn+2], Inorganic
Molecule_1746,1746,[Ag]O[Ag], Inorganic
Molecule_1755,1755,[K].OB(O)O |^1:0|, Inorganic
Molecule_1759,1759,[Al+3].[P-3], Inorganic
Molecule_1762,1762,O[Co]O, Inorganic
Molecule_1763,1763,O[Cd]O, Inorganic
Molecule_1772,1772,[S-2].[Ba+2], Inorganic
Molecule_1780,1780,O[Cs], Inorganic
Molecule_1801,1801,[OH-].[OH-].[OH-].[Al+3], Inorganic
Molecule_2008,2008,FS(F)(F)(F)(F)F, Inorganic
Molecule_2069,2069,[Na+].[Zr+4].[Ag+].[O-]P([O-])([O-])=O.[O-]P([O-])([O-])=O, Inorganic
Molecule_2074,2074,[Na+].[N-]=[N+]=[N-], Inorganic
Molecule_2132,2132,N.N.O[Mo](=O)(=O)O[Mo](O)(=O)=O, Inorganic
Molecule_2246,2246,NN, Inorganic
Molecule_2390,2390,[OH-].[OH-].[OH-].[OH-].[OH-].[OH-].[Na+].[Sb+5], Inorganic
Molecule_2501,2501,Cl[Ni]Cl, Inorganic
Molecule_2502,2502,[O-2].[O-2].[Mg+2].[Ca+2], Inorganic
Molecule_2525,2525,[K+].[O-][Cl+2]([O-])[O-], Inorganic
Molecule_2565,2565,[OH-].[OH-].[OH-].[Al+3].[Al+3].[Cl-].[O-]S([O-])(=O)=O, Inorganic
Molecule_2566,2566,[O-2].[O-2].[O-2].[W+6], Inorganic
Molecule_2567,2567,[Li+].[O-2].[O-2].[O-2].[K+].[Ti+4], Inorganic
Molecule_2570,2570,[NH4+].[Na+].O=[V], Inorganic
Molecule_2579,2579,S=P(Cl)(Cl)Cl, Inorganic
Molecule_2630,2630,[Ti+4].[O-][Si]([O-])=O.[O-][Si]([O-])=O, Inorganic
Molecule_2730,2730,[OH-].[OH-].[OH-].[OH-].[OH-].[OH-].[OH-].[OH-].[Zn+2].[Zn+2].[Zn+2].[Zn+2].[Zn+2].[O-][Cr]([O-])(=O)=O, Inorganic
Molecule_2795,2795,[O-2].[OH-].O.[Fe+3], Inorganic
Molecule_2801,2801,[Mn+2].[O-]P([O-])(O)=O, Inorganic
Molecule_2847,2847,[NH4+].[Cl].[Zn+2] |^1:1|, Inorganic
Molecule_2871,2871,NS(O)(=O)=O, Inorganic
Molecule_2941,2941,[Cl-].[NH3+]O, Inorganic
Molecule_3039,3039,[OH-].[OH-].[OH-].[OH-].[OH-].[OH-].[OH-].[Al+3].[Al+3].[Cl-].[Cl-].[Cl-].[Cl-].[Cl-].[Cl-].[Cl-].[Zr+4].[Zr+4], Inorganic
Molecule_3077,3077,[O-2].[OH-].[OH-].[Mg+2].[Ca+2], Inorganic
Molecule_3092,3092,O=P12OP(=O)(O[V](=O)O1)O[V](=O)O2, Inorganic
Molecule_3239,3239,[O-2].[Zr+4].[O-]S([O-])(=O)=O, Inorganic
Molecule_3243,3243,[Pb+2].[O-]S([O-])=O, Inorganic
Molecule_3307,3307,O[PH2]=O, Inorganic
Molecule_3368,3368,[O-2].[O-2].[O-2].[O-2].[O-2].[O-2].[O-2].[Y+3].[Y+3].[Zr+4].[Zr+4], Inorganic
Molecule_3420,3420,O=[Pb].O=[Si]=O.O=[Si]=O, Inorganic
Molecule_3440,3440,O.O.O.O.[Fe].[Fe].[Cu].[Zn], Inorganic
Molecule_3544,3544,[Ti+4].[Co+2].[Ni+2].[Zn+2], Inorganic
Molecule_3559,3559,[NH4+].[NH4+].[NH4+].[O-]P([O-])([O-])=O, Inorganic
Molecule_3605,3605,[O-2].[O-2].[O-2].[Y+3].[Y+3], Inorganic
Molecule_3708,3708,[K+].[K+].[K+].[K+].[K+].[O-]S([O-])(=O)=O.[O-]S(O)(=O)=O.[O-]OS(O)(=O)=O.[O-]OS(O)(=O)=O, Inorganic
Molecule_3720,3720,[Te+], Inorganic
Molecule_3781,3781,[K+].[K+].[K+].[K+].[O-]P([O-])(=O)OP([O-])([O-])=O, Inorganic
Molecule_3807,3807,[Al], Inorganic
Molecule_3810,3810,[Fe], Inorganic
Molecule_3811,3811,[La], Inorganic
Molecule_3812,3812,[Pb] |^3:0|, Inorganic
Molecule_3813,3813,[Li] |^1:0|, Inorganic
Molecule_3814,3814,[Lu], Inorganic
Molecule_3815,3815,[Mg], Inorganic
Molecule_3816,3816,[Mn], Inorganic
Molecule_3817,3817,[Hg], Inorganic
Molecule_3818,3818,[Mo], Inorganic
Molecule_3819,3819,[Ni], Inorganic
Molecule_3820,3820,[Nb], Inorganic
Molecule_3821,3821,[RbH], Inorganic
Molecule_3822,3822,[Si], Inorganic
Molecule_3823,3823,[Ag], Inorganic
Molecule_3824,3824,[Sr], Inorganic
Molecule_3825,3825,[Ta], Inorganic
Molecule_3826,3826,[Tl] |^1:0|, Inorganic
Molecule_3827,3827,[Sn] |^3:0|, Inorganic
Molecule_3828,3828,[Ti], Inorganic
Molecule_3829,3829,[W], Inorganic
Molecule_3830,3830,[Sb], Inorganic
Molecule_3831,3831,[As], Inorganic
Molecule_3832,3832,[Ba], Inorganic
Molecule_3833,3833,[Be], Inorganic
Molecule_3834,3834,[Cd], Inorganic
Molecule_3835,3835,[Ce], Inorganic
Molecule_3836,3836,[Cr], Inorganic
Molecule_3837,3837,[Co], Inorganic
Molecule_3838,3838,[Cu], Inorganic
Molecule_3839,3839,[Gd], Inorganic
Molecule_3840,3840,[Hf], Inorganic
Molecule_3841,3841,[U], Inorganic
Molecule_3842,3842,[V], Inorganic
Molecule_3843,3843,[Zn], Inorganic
Molecule_3844,3844,[Zr], Inorganic
Molecule_3845,3845,[Bi], Inorganic
Molecule_3848,3848,O=[Te]=O, Inorganic
Molecule_3849,3849,O=[Se]=O, Inorganic
Molecule_3850,3850,O=S=O, Inorganic
Molecule_3851,3851,[Pb+2].[O-]S([O-])(=O)=O, Inorganic
Molecule_3852,3852,[Tl+].[Tl+].[O-]S([O-])(=O)=O, Inorganic
Molecule_3853,3853,[Zn+2].[Zn+2].[O-]P([O-])(=O)OP([O-])([O-])=O, Inorganic
Molecule_3854,3854,Cl[Al](Cl)Cl, Inorganic
Molecule_3864,3864,[Cl-].[Cl-].[Hg+2], Inorganic
Molecule_3897,3897,[Li]Br, Inorganic
Molecule_3899,3899,II, Inorganic
Molecule_3904,3904,[Na+].[Na+].[O-]P([O-])(O)=O, Inorganic
Molecule_3905,3905,[Na+].[O-]P(O)(O)=O, Inorganic
Molecule_3932,3932,[Na+].[Na+].[Na+].[O-]P([O-])([O-])=O, Inorganic
Molecule_3934,3934,[Na+].[O-][Cl+3]([O-])([O-])[O-], Inorganic
Molecule_3935,3935,[O-][Cl+3]([O-])([O-])O, Inorganic
Molecule_3949,3949,O=[Si]=O, Inorganic
Molecule_3950,3950,[Na+].[O-]S(O)=O, Inorganic
Molecule_3951,3951,[O-2].[O-2].[O-2].[O-2].[Na+].[Na+].[Mo+6], Inorganic
Molecule_3952,3952,[Na+].[O-][N+]([O-])=O, Inorganic
Molecule_3953,3953,[Na+].[O-]N=O, Inorganic
Molecule_3956,3956,[Cl-].[Cl-].[Co+2], Inorganic
Molecule_3957,3957,[Cl-].[Cl-].[Zn+2], Inorganic
Molecule_3958,3958,[Na+].[Cl-], Inorganic
Molecule_3959,3959,[Na+].[Br-], Inorganic
Molecule_3960,3960,[Cl-].[Cs+], Inorganic
Molecule_3969,3969,OP(O)(O)=O, Inorganic
Molecule_3970,3970,N, Inorganic
Molecule_3975,3975,[K+].[I-], Inorganic
Molecule_3976,3976,[Na+].[O-]S(O)(=O)=O, Inorganic
Molecule_3977,3977,[F-].[Na+], Inorganic
Molecule_3978,3978,[Na+].[O-]Cl, Inorganic
Molecule_3979,3979,[Na+].[O-][PH2]=O, Inorganic
Molecule_3980,3980,[Na+].[Na+].[O-]S(=O)S([O-])(=O)=O, Inorganic
Molecule_3981,3981,[Na+].[I-], Inorganic
Molecule_3988,3988,[O-][N+](O)=O, Inorganic
Molecule_3989,3989,O=[Zr](Cl)Cl, Inorganic
Molecule_3990,3990,[Zn+2].[Br-].[Br-], Inorganic
Molecule_3992,3992,[S] |^3:0|, Inorganic
Molecule_3993,3993,[Cl-].[Cl-].[Cl-].[Fe+3], Inorganic
Molecule_3998,3998,[K+].[O-][Mn](=O)(=O)=O, Inorganic
Molecule_3999,3999,[NH4+].[O-]P(O)(O)=O, Inorganic
Molecule_4000,4000,OO, Inorganic
Molecule_4001,4001,[Na+].[Na+].[Na+].[Na+].[O-]P([O-])(=O)OP([O-])([O-])=O, Inorganic
Molecule_4002,4002,[P], Inorganic
Molecule_4003,4003,BrBr, Inorganic
Molecule_4004,4004,[K+].[K+].[O-]S(=O)(=O)OOS([O-])(=O)=O, Inorganic
Molecule_4005,4005,[Ba+2].[O-]S([O-])(=O)=O, Inorganic
Molecule_4006,4006,[NH4+].[NH4+].[O-]S(=O)(=O)OOS([O-])(=O)=O, Inorganic
Molecule_4007,4007,[Zn+2].[O-]S([O-])(=O)=O, Inorganic
Molecule_4014,4014,[K+].[O-][N+]([O-])=O, Inorganic
Molecule_4015,4015,[Na+].[Na+].[O-]S([O-])(=O)=O, Inorganic
Molecule_4016,4016,[Na+].[Na+].[O-]S([O-])=O, Inorganic
Molecule_4017,4017,[Mg+2].[O-]P([O-])(O)=O, Inorganic
Molecule_4018,4018,[Mg+2].[Mg+2].[Mg+2].[O-]P([O-])([O-])=O.[O-]P([O-])([O-])=O, Inorganic
Molecule_4019,4019,[Ca+2].[O-]P([O-])(O)=O, Inorganic
Molecule_4020,4020,[K+].[Br-], Inorganic
Molecule_4021,4021,[K+].[O-][I+2]([O-])[O-], Inorganic
Molecule_4022,4022,[K+].[K+].[O-]P([O-])(O)=O, Inorganic
Molecule_4023,4023,[Na+].[Na+].[O-]P(O)(=O)OP([O-])(O)=O, Inorganic
Molecule_4024,4024,[Na+].[O-][Cl+][O-], Inorganic
Molecule_4025,4025,[Ca+2].[O-]P(O)(O)=O.[O-]P(O)(O)=O, Inorganic
Molecule_4026,4026,[Na+].[Na+].[Na+].[Na+].[Na+].[O-]P(=O)(OP([O-])([O-])=O)OP([O-])([O-])=O, Inorganic
Molecule_4028,4028,[Ca+2].[Ca+2].[Ca+2].[O-]P([O-])([O-])=O.[O-]P([O-])([O-])=O, Inorganic
Molecule_4029,4029,[F-].[F-].[F-].[Ce+3], Inorganic
Molecule_4030,4030,[Cl-].[Cu+], Inorganic
Molecule_4031,4031,[Cl-].[Cl-].[Fe+2], Inorganic
Molecule_4032,4032,[Cl-].[Cl-].[Pb+2], Inorganic
Molecule_4033,4033,[Cu+2].[O-]S([O-])(=O)=O, Inorganic
Molecule_4034,4034,[Ag+].[O-][N+]([O-])=O, Inorganic
Molecule_4038,4038,[Na+].[Na+].[O-]S(=O)(=O)[S-], Inorganic
Molecule_4039,4039,[Cl-].[Cl-].[Sn+2], Inorganic
Molecule_4040,4040,[Cl-].[Cl-].[Mn+2], Inorganic
Molecule_4041,4041,[NH4+].NS([O-])(=O)=O, Inorganic
Molecule_4044,4044,[Na+].[O-][Cl+2]([O-])[O-], Inorganic
Molecule_4045,4045,[Na+].[Na+].[O-]S(=O)S([O-])=O, Inorganic
Molecule_4046,4046,[Na+].[O-]B=O, Inorganic
Molecule_4047,4047,[Na+].[Na+].[O-]S(=O)(=O)OOS([O-])(=O)=O, Inorganic
Molecule_4048,4048,[Ca+2].[O-]S([O-])(=O)=O, Inorganic
Molecule_4049,4049,O[As](O)(O)=O, Inorganic
Molecule_4050,4050,[K+].[K+].[K+].[O-]P([O-])([O-])=O, Inorganic
Molecule_4051,4051,[K+].[O-][Cl+3]([O-])([O-])[O-], Inorganic
Molecule_4052,4052,[K+].[O-]P(O)(O)=O, Inorganic
Molecule_4053,4053,[K+].[K+].[O-]S([O-])(=O)=O, Inorganic
Molecule_4056,4056,[Zn+2].[O-][N+]([O-])=O.[O-][N+]([O-])=O, Inorganic
Molecule_4058,4058,FF, Inorganic
Molecule_4059,4059,[Se] |^3:0|, Inorganic
Molecule_4060,4060,ClCl, Inorganic
Molecule_4061,4061,O.O.O.[Mg+2].[O-]P([O-])(O)=O, Inorganic
Molecule_4062,4062,[Li+].[NH2-], Inorganic
Molecule_4063,4063,[H+].[H+].O=[Mo-2](=O)(=O)=O, Inorganic
Molecule_4064,4064,O[Se](O)=O, Inorganic
Molecule_4065,4065,[H+].[H+].O=[W-2](=O)(=O)=O, Inorganic
Molecule_4066,4066,S, Inorganic
Molecule_4067,4067,[NH4+].[NH4+].[O-]S(=O)(=O)[S-], Inorganic
Molecule_4068,4068,[NH4+].[NH4+].[O-]S([O-])(=O)=O, Inorganic
Molecule_4069,4069,[NH4+].[NH4+].[O-]P([O-])(O)=O, Inorganic
Molecule_4070,4070,[F-].[F-].[Sn+2], Inorganic
Molecule_4071,4071,[F-].[F-].[Sr+2], Inorganic
Molecule_4072,4072,F[Zn]F, Inorganic
Molecule_4073,4073,FI(F)(F)(F)F, Inorganic
Molecule_4075,4075,[Cl-].[Ag+], Inorganic
Molecule_4076,4076,[Ag]I, Inorganic
Molecule_4077,4077,[F-].[F-].[F-].[Al+3], Inorganic
Molecule_4078,4078,[NH4+].[Al+3].[O-]S([O-])(=O)=O.[O-]S([O-])(=O)=O, Inorganic
Molecule_4079,4079,[Al+3].[O-]P([O-])([O-])=O, Inorganic
Molecule_4080,4080,[NH4+].[Mg+2].[O-]P([O-])([O-])=O, Inorganic
Molecule_4081,4081,Br[Ag], Inorganic
Molecule_4082,4082,[Na+].[Na+].[Na+].[O-]P1(=O)OP([O-])(=O)OP([O-])(=O)O1, Inorganic
Molecule_4083,4083,[Mn+2].[O-]S([O-])(=O)=O, Inorganic
Molecule_4084,4084,[Na+].[Al+3].[O-]P([O-])([O-])=O, Inorganic
Molecule_4086,4086,[Mg+2].[Cl-].[Cl-], Inorganic
Molecule_4088,4088,[Ni+2].[O-]S([O-])(=O)=O, Inorganic
Molecule_4089,4089,O=[Bi]Cl, Inorganic
Molecule_4090,4090,[Sr+2].[O-][Cr]([O-])(=O)=O, Inorganic
Molecule_4091,4091,O.O.[Na+].[Na+].[O-][Cr](=O)(=O)O[Cr]([O-])(=O)=O, Inorganic
Molecule_4092,4092,I[Cs], Inorganic
Molecule_4093,4093,[Cs+].[O-][N+]([O-])=O, Inorganic
Molecule_4094,4094,[F-].[K+], Inorganic
Molecule_4096,4096,[Ca+2].[Br-].[Br-], Inorganic
Molecule_4097,4097,[F-].[F-].[Ca+2], Inorganic
Molecule_4098,4098,[O-2].[O-2].[O-2].[O-2].[O-2].[O-2].[Ca+2].[I-].[I-], Inorganic
Molecule_4099,4099,[O-2].[O-2].[O-2].[O-2].[Ca+2].[Mo+6], Inorganic
Molecule_4100,4100,[Rb+].[I-], Inorganic
Molecule_4101,4101,[K+].[K+].[O-]S(=O)(=O)OS([O-])(=O)=O, Inorganic
Molecule_4102,4102,[Li+].[O-][N+]([O-])=O, Inorganic
Molecule_4104,4104,[Ca+2].[Ca+2].[O-]P([O-])(=O)OP([O-])([O-])=O, Inorganic
Molecule_4105,4105,[NH4+].[O-][Cl+3]([O-])([O-])[O-], Inorganic
Molecule_4106,4106,Cl[Rb], Inorganic
Molecule_4107,4107,[Cl-].[Tl+], Inorganic
Molecule_4112,4112,NO, Inorganic
Molecule_4113,4113,P, Inorganic
Molecule_4114,4114,[NH4+].O=[V-](=O)=O, Inorganic
Molecule_4207,4207,[Ca+2].OP(O)(O)=O.OP(O)(O)=O, Inorganic
Molecule_4314,4314,NON, Inorganic
Molecule_4347,4347,[NH4+].[NH4+].[NH4+].[NH4+].Cl[Ru-2](Cl)(Cl)(Cl)(Cl)O[Ru-2](Cl)(Cl)(Cl)(Cl)Cl, Inorganic
Molecule_4348,4348,[K+].O[B-](O)(F)F, Inorganic
Molecule_5172,5172,[O-2].[Ce+3].[Ce+3].[O-][Si]([O-])([O-])[O-], Inorganic
Molecule_5200,5200,[Si]#[Fe] |^1:0|, Inorganic
Molecule_5206,5206,[O-2].[O-2].[O-2].[O-2].[O-2].[O-2].[O-2].[O-2].[O-2].[O-2].[O-2].[O-2].[O-2].[O-2].[O-2].[O-2].[O-2].[O-2].[O-2].[O-2].[O-2].[O-2].[O-2].[O-2].[O-2].[O-2].[OH-].[OH-].[Na+].[Na+].[Na+].[Na+].[Na+].[Na+].O=[W+3].O=[W+4].O=[W+4].O=[W+4].O=[W+4].O=[W+4].O=[W+4].O=[W+4].O=[W+4].O=[W+4].O=[W+4].O=[W+4], Inorganic
Molecule_5226,5226,[Mg+2].[Mg+2].[Mg+2].[K+].[K+].[K+].[K+].[O-][Ti]([O-])=O.[O-][Ti]([O-])([O-])[O-], Inorganic
Molecule_5271,5271,[Al+3].[O-][PH2]=O.[O-][PH2]=O.[O-][PH2]=O, Inorganic
Molecule_1,1,, Failed parsing
Molecule_1220,1220,,"element: bad valence on O having 3 drawn bonds, charge 0, and 0 radical electrons"
Molecule_1344,1344,,"element: bad valence on N having 4 drawn bonds, charge 0, and 0 radical electrons"
Molecule_2424,2424,,"element: bad valence on N having 4 drawn bonds, charge 0, and 0 radical electrons"
Molecule_2622,2622,,"element: bad valence on O having 3 drawn bonds, charge 0, and 0 radical electrons"
Molecule_3765,3765,,"element: can not calculate implicit hydrogens on aromatic N, charge 0, degree 2, 0 radical electrons"
Molecule_4807,4807,,"element: can not calculate implicit hydrogens on aromatic N, charge 0, degree 2, 0 radical electrons"
Molecule_5291,5291,,"element: bad valence on N having 4 drawn bonds, charge 0, and 0 radical electrons"
