Molecule name,Salt_Solvent_ID
Molecule_1,0
Molecule_2,0
Molecule_3,0
Molecule_4,0
Molecule_5,0
Molecule_6,0
Molecule_7,2042
Molecule_8,0
Molecule_9,0
Molecule_10,0
Molecule_11,0
Molecule_12,0
Molecule_21,0
Molecule_24,0
Molecule_25,0
Molecule_26,0
Molecule_27,0
Molecule_29,2122
Molecule_30,0
Molecule_31,0
Molecule_32,0
Molecule_33,0
Molecule_34,0
Molecule_39,0
Molecule_41,0
Molecule_42,0
Molecule_43,0
Molecule_45,0
Molecule_46,0
Molecule_47,0
Molecule_48,0
Molecule_49,1767
Molecule_50,0
Molecule_51,0
Molecule_52,0
Molecule_53,0
Molecule_54,0
Molecule_55,0
Molecule_56,0
Molecule_57,0
Molecule_58,0
Molecule_59,0
Molecule_62,0
Molecule_63,0
Molecule_66,0
Molecule_70,0
Molecule_73,0
Molecule_74,0
Molecule_75,0
Molecule_77,0
Molecule_78,0
Molecule_79,0
Molecule_80,0
Molecule_81,0
Molecule_87,0
Molecule_88,0
Molecule_89,0
Molecule_90,0
Molecule_91,0
Molecule_92,0
Molecule_93,0
Molecule_94,0
Molecule_96,0
Molecule_97,0
Molecule_98,0
Molecule_99,0
Molecule_100,0
Molecule_101,0
Molecule_103,0
Molecule_105,0
Molecule_106,0
Molecule_107,0
Molecule_108,0
Molecule_109,0
Molecule_110,0
Molecule_111,0
Molecule_112,0
Molecule_113,0
Molecule_114,0
Molecule_115,0
Molecule_116,0
Molecule_117,0
Molecule_118,0
Molecule_119,0
Molecule_120,0
Molecule_121,260
Molecule_122,0
Molecule_124,0
Molecule_125,0
Molecule_126,0
Molecule_127,2032
Molecule_128,0
Molecule_129,0
Molecule_130,0
Molecule_131,0
Molecule_132,0
Molecule_136,0
Molecule_137,0
Molecule_138,0
Molecule_139,0
Molecule_140,0
Molecule_141,0
Molecule_142,0
Molecule_143,0
Molecule_144,0
Molecule_146,0
Molecule_147,0
Molecule_148,0
Molecule_149,0
Molecule_150,0
Molecule_151,0
Molecule_152,0
Molecule_153,0
Molecule_154,0
Molecule_155,0
Molecule_156,0
Molecule_157,0
Molecule_158,0
Molecule_159,0
Molecule_160,0
Molecule_161,0
Molecule_164,0
Molecule_168,0
Molecule_169,0
Molecule_175,0
Molecule_176,0
Molecule_177,0
Molecule_178,0
Molecule_179,0
Molecule_180,0
Molecule_181,0
Molecule_182,0
Molecule_183,0
Molecule_184,0
Molecule_185,0
Molecule_186,0
Molecule_188,0
Molecule_189,0
Molecule_190,0
Molecule_191,0
Molecule_192,0
Molecule_193,0
Molecule_194,0
Molecule_195,0
Molecule_196,0
Molecule_197,0
Molecule_198,0
Molecule_199,0
Molecule_200,0
Molecule_201,0
Molecule_202,170
Molecule_203,0
Molecule_204,0
Molecule_205,0
Molecule_206,0
Molecule_208,0
Molecule_209,0
Molecule_210,0
Molecule_211,0
Molecule_212,0
Molecule_213,0
Molecule_214,0
Molecule_215,0
Molecule_216,0
Molecule_217,0
Molecule_218,0
Molecule_219,0
Molecule_220,0
Molecule_221,0
Molecule_222,0
Molecule_223,0
Molecule_224,0
Molecule_225,0
Molecule_226,0
Molecule_227,0
Molecule_228,0
Molecule_229,0
Molecule_230,0
Molecule_231,0
Molecule_232,0
Molecule_233,0
Molecule_234,0
Molecule_236,0
Molecule_237,0
Molecule_239,0
Molecule_240,0
Molecule_241,0
Molecule_243,0
Molecule_244,0
Molecule_245,0
Molecule_246,0
Molecule_247,0
Molecule_248,0
Molecule_249,0
Molecule_250,0
Molecule_251,0
Molecule_252,0
Molecule_254,0
Molecule_255,0
Molecule_256,110
Molecule_257,0
Molecule_258,0
Molecule_259,0
Molecule_260,0
Molecule_261,0
Molecule_262,0
Molecule_263,0
Molecule_264,0
Molecule_266,0
Molecule_267,0
Molecule_268,0
Molecule_269,0
Molecule_270,380
Molecule_271,0
Molecule_272,0
Molecule_273,0
Molecule_275,0
Molecule_277,0
Molecule_278,0
Molecule_279,0
Molecule_280,0
Molecule_281,0
Molecule_282,350
Molecule_283,0
Molecule_284,0
Molecule_285,0
Molecule_286,0
Molecule_287,0
Molecule_288,0
Molecule_289,0
Molecule_290,0
Molecule_291,0
Molecule_292,0
Molecule_293,0
Molecule_294,1037
Molecule_295,0
Molecule_296,0
Molecule_297,0
Molecule_298,0
Molecule_299,0
Molecule_300,0
Molecule_301,0
Molecule_302,0
Molecule_303,0
Molecule_304,0
Molecule_305,0
Molecule_306,0
Molecule_307,0
Molecule_308,0
Molecule_309,0
Molecule_310,0
Molecule_311,0
Molecule_312,0
Molecule_313,0
Molecule_314,0
Molecule_315,0
Molecule_316,0
Molecule_317,0
Molecule_318,0
Molecule_319,170
Molecule_320,0
Molecule_321,0
Molecule_322,0
Molecule_323,0
Molecule_324,0
Molecule_325,0
Molecule_326,0
Molecule_327,0
Molecule_328,0
Molecule_329,0
Molecule_330,0
Molecule_331,0
Molecule_332,0
Molecule_333,0
Molecule_334,0
Molecule_335,0
Molecule_336,0
Molecule_337,0
Molecule_338,0
Molecule_339,0
Molecule_340,0
Molecule_341,0
Molecule_342,0
Molecule_343,0
Molecule_344,0
Molecule_345,0
Molecule_346,70
Molecule_347,0
Molecule_348,0
Molecule_349,0
Molecule_350,0
Molecule_351,0
Molecule_352,0
Molecule_353,0
Molecule_354,0
Molecule_355,0
Molecule_356,0
Molecule_357,0
Molecule_358,0
Molecule_359,0
Molecule_360,0
Molecule_361,0
Molecule_362,0
Molecule_363,0
Molecule_364,0
Molecule_365,0
Molecule_366,0
Molecule_367,0
Molecule_368,0
Molecule_369,0
Molecule_370,0
Molecule_371,0
Molecule_372,0
Molecule_373,0
Molecule_374,0
Molecule_375,0
Molecule_376,0
Molecule_377,0
Molecule_378,0
Molecule_379,0
Molecule_380,0
Molecule_381,0
Molecule_382,0
Molecule_383,0
Molecule_384,0
Molecule_385,0
Molecule_386,120
Molecule_387,0
Molecule_388,0
Molecule_389,0
Molecule_390,0
Molecule_391,0
Molecule_392,0
Molecule_393,0
Molecule_394,0
Molecule_395,0
Molecule_396,0
Molecule_397,0
Molecule_398,0
Molecule_399,0
Molecule_400,0
Molecule_401,0
Molecule_402,0
Molecule_403,0
Molecule_404,0
Molecule_405,300
Molecule_406,0
Molecule_407,0
Molecule_408,0
Molecule_409,0
Molecule_410,0
Molecule_411,0
Molecule_412,0
Molecule_413,0
Molecule_414,0
Molecule_415,0
Molecule_416,0
Molecule_417,0
Molecule_418,0
Molecule_419,0
Molecule_420,0
Molecule_421,0
Molecule_422,0
Molecule_423,0
Molecule_424,0
Molecule_425,0
Molecule_426,0
Molecule_427,0
Molecule_428,0
Molecule_429,0
Molecule_430,0
Molecule_431,0
Molecule_432,0
Molecule_434,0
Molecule_435,0
Molecule_436,0
Molecule_437,0
Molecule_440,0
Molecule_441,0
Molecule_442,0
Molecule_443,0
Molecule_446,0
Molecule_447,2122
Molecule_448,0
Molecule_449,0
Molecule_450,0
Molecule_451,0
Molecule_452,0
Molecule_453,0
Molecule_454,0
Molecule_455,0
Molecule_456,0
Molecule_457,0
Molecule_458,0
Molecule_459,170
Molecule_460,0
Molecule_461,0
Molecule_462,0
Molecule_463,0
Molecule_464,0
Molecule_465,0
Molecule_466,0
Molecule_467,0
Molecule_468,0
Molecule_469,0
Molecule_470,0
Molecule_471,0
Molecule_473,0
Molecule_474,0
Molecule_475,0
Molecule_476,0
Molecule_477,0
Molecule_478,0
Molecule_479,0
Molecule_480,0
Molecule_481,0
Molecule_482,0
Molecule_483,0
Molecule_484,0
Molecule_485,0
Molecule_486,350
Molecule_487,0
Molecule_488,0
Molecule_490,170
Molecule_491,0
Molecule_492,170
Molecule_493,0
Molecule_494,0
Molecule_495,0
Molecule_496,0
Molecule_497,0
Molecule_498,0
Molecule_499,0
Molecule_500,0
Molecule_501,0
Molecule_502,0
Molecule_503,0
Molecule_504,0
Molecule_505,0
Molecule_506,0
Molecule_507,0
Molecule_508,0
Molecule_509,0
Molecule_510,0
Molecule_511,0
Molecule_512,0
Molecule_513,0
Molecule_514,0
Molecule_515,0
Molecule_516,0
Molecule_517,0
Molecule_518,0
Molecule_519,0
Molecule_520,0
Molecule_521,0
Molecule_522,0
Molecule_523,0
Molecule_524,0
Molecule_525,0
Molecule_526,0
Molecule_527,0
Molecule_528,0
Molecule_529,0
Molecule_530,0
Molecule_531,0
Molecule_532,0
Molecule_533,0
Molecule_534,0
Molecule_535,0
Molecule_536,0
Molecule_537,0
Molecule_538,0
Molecule_539,0
Molecule_540,0
Molecule_541,0
Molecule_542,0
Molecule_543,0
Molecule_544,0
Molecule_545,0
Molecule_546,0
Molecule_547,0
Molecule_548,0
Molecule_549,0
Molecule_550,0
Molecule_551,0
Molecule_552,0
Molecule_553,0
Molecule_554,0
Molecule_555,0
Molecule_556,0
Molecule_557,200
Molecule_559,0
Molecule_560,0
Molecule_561,0
Molecule_562,0
Molecule_563,0
Molecule_564,0
Molecule_565,0
Molecule_566,0
Molecule_567,0
Molecule_568,0
Molecule_569,0
Molecule_570,0
Molecule_571,0
Molecule_572,0
Molecule_573,0
Molecule_574,0
Molecule_575,0
Molecule_576,0
Molecule_577,0
Molecule_578,0
Molecule_579,0
Molecule_580,0
Molecule_581,0
Molecule_582,0
Molecule_583,0
Molecule_584,0
Molecule_585,0
Molecule_586,0
Molecule_587,0
Molecule_588,0
Molecule_589,0
Molecule_590,0
Molecule_591,0
Molecule_592,0
Molecule_593,0
Molecule_594,0
Molecule_595,0
Molecule_596,0
Molecule_597,0
Molecule_598,0
Molecule_599,0
Molecule_600,170
Molecule_601,0
Molecule_602,165
Molecule_603,0
Molecule_604,0
Molecule_605,0
Molecule_606,0
Molecule_607,0
Molecule_608,0
Molecule_609,0
Molecule_610,0
Molecule_611,0
Molecule_612,0
Molecule_613,70
Molecule_614,0
Molecule_615,0
Molecule_616,0
Molecule_617,0
Molecule_618,0
Molecule_620,0
Molecule_621,0
Molecule_622,0
Molecule_623,0
Molecule_624,0
Molecule_625,0
Molecule_626,0
Molecule_627,0
Molecule_628,0
Molecule_629,300
Molecule_632,0
Molecule_637,0
Molecule_639,0
Molecule_640,0
Molecule_642,0
Molecule_643,0
Molecule_644,0
Molecule_650,0
Molecule_662,0
Molecule_663,0
Molecule_664,0
Molecule_667,0
Molecule_668,0
Molecule_669,0
Molecule_672,0
Molecule_677,230
Molecule_679,300
Molecule_680,0
Molecule_681,0
Molecule_682,0
Molecule_683,0
Molecule_684,110
Molecule_685,0
Molecule_686,0
Molecule_687,0
Molecule_688,0
Molecule_689,0
Molecule_691,0
Molecule_692,0
Molecule_693,0
Molecule_697,0
Molecule_698,0
Molecule_702,0
Molecule_703,0
Molecule_704,0
Molecule_705,0
Molecule_706,170
Molecule_707,0
Molecule_708,0
Molecule_710,0
Molecule_713,0
Molecule_714,0
Molecule_715,0
Molecule_717,0
Molecule_718,0
Molecule_719,0
Molecule_720,0
Molecule_721,0
Molecule_722,0
Molecule_723,0
Molecule_726,0
Molecule_727,0
Molecule_728,170
Molecule_729,0
Molecule_730,0
Molecule_731,0
Molecule_732,0
Molecule_733,0
Molecule_734,0
Molecule_735,130
Molecule_736,130
Molecule_737,0
Molecule_738,0
Molecule_739,0
Molecule_740,0
Molecule_741,0
Molecule_742,908
Molecule_743,130
Molecule_744,0
Molecule_745,0
Molecule_746,230
Molecule_747,0
Molecule_748,0
Molecule_749,0
Molecule_750,0
Molecule_752,0
Molecule_753,0
Molecule_754,0
Molecule_755,0
Molecule_756,0
Molecule_757,0
Molecule_758,0
Molecule_759,0
Molecule_760,2242
Molecule_761,0
Molecule_762,0
Molecule_763,0
Molecule_765,0
Molecule_767,200
Molecule_768,0
Molecule_769,0
Molecule_770,0
Molecule_771,0
Molecule_772,0
Molecule_773,0
Molecule_774,170
Molecule_775,0
Molecule_776,0
Molecule_777,0
Molecule_778,0
Molecule_779,0
Molecule_780,0
Molecule_781,0
Molecule_782,0
Molecule_783,0
Molecule_784,0
Molecule_785,0
Molecule_786,0
Molecule_787,0
Molecule_788,110
Molecule_789,0
Molecule_791,0
Molecule_792,0
Molecule_793,425
Molecule_794,0
Molecule_795,0
Molecule_796,0
Molecule_797,0
Molecule_798,0
Molecule_799,0
Molecule_800,0
Molecule_801,185
Molecule_802,0
Molecule_803,0
Molecule_804,60
Molecule_805,0
Molecule_806,0
Molecule_807,0
Molecule_808,0
Molecule_809,0
Molecule_810,0
Molecule_812,0
Molecule_814,0
Molecule_815,0
Molecule_816,0
Molecule_817,0
Molecule_818,0
Molecule_819,0
Molecule_820,0
Molecule_821,250
Molecule_822,0
Molecule_823,0
Molecule_824,0
Molecule_825,0
Molecule_826,70
Molecule_827,170
Molecule_828,0
Molecule_829,0
Molecule_830,0
Molecule_832,0
Molecule_833,0
Molecule_834,0
Molecule_835,0
Molecule_836,110
Molecule_837,0
Molecule_838,170
Molecule_840,0
Molecule_841,0
Molecule_842,0
Molecule_843,0
Molecule_844,0
Molecule_845,180
Molecule_846,0
Molecule_848,0
Molecule_850,0
Molecule_851,0
Molecule_852,0
Molecule_853,0
Molecule_854,0
Molecule_855,0
Molecule_856,0
Molecule_857,0
Molecule_858,0
Molecule_859,0
Molecule_861,0
Molecule_862,110
Molecule_863,0
Molecule_864,0
Molecule_865,939
Molecule_866,1774
Molecule_867,0
Molecule_868,0
Molecule_869,0
Molecule_870,190
Molecule_871,0
Molecule_872,110
Molecule_873,1858
Molecule_874,0
Molecule_875,200
Molecule_876,110
Molecule_877,0
Molecule_878,0
Molecule_879,0
Molecule_880,110
Molecule_881,0
Molecule_882,110
Molecule_884,110
Molecule_886,2041
Molecule_887,0
Molecule_888,190
Molecule_889,110
Molecule_890,0
Molecule_891,0
Molecule_892,0
Molecule_893,0
Molecule_894,0
Molecule_896,110
Molecule_897,0
Molecule_898,0
Molecule_899,0
Molecule_900,0
Molecule_901,200
Molecule_902,0
Molecule_903,110
Molecule_904,0
Molecule_905,200
Molecule_906,0
Molecule_907,0
Molecule_908,0
Molecule_909,0
Molecule_910,190
Molecule_911,0
Molecule_912,0
Molecule_913,0
Molecule_914,0
Molecule_915,110
Molecule_917,0
Molecule_920,300
Molecule_922,0
Molecule_923,0
Molecule_925,0
Molecule_930,0
Molecule_931,110
Molecule_934,170
Molecule_941,0
Molecule_942,0
Molecule_943,0
Molecule_944,0
Molecule_946,0
Molecule_949,0
Molecule_951,0
Molecule_969,0
Molecule_970,0
Molecule_971,0
Molecule_972,0
Molecule_973,0
Molecule_979,0
Molecule_981,0
Molecule_982,300
Molecule_983,0
Molecule_984,0
Molecule_985,0
Molecule_986,0
Molecule_987,2457
Molecule_988,110
Molecule_989,0
Molecule_990,0
Molecule_991,0
Molecule_992,0
Molecule_993,110
Molecule_994,0
Molecule_995,0
Molecule_996,0
Molecule_999,0
Molecule_1002,0
Molecule_1005,0
Molecule_1006,0
Molecule_1007,0
Molecule_1008,0
Molecule_1010,0
Molecule_1011,0
Molecule_1012,0
Molecule_1016,0
Molecule_1017,0
Molecule_1019,0
Molecule_1020,0
Molecule_1023,110
Molecule_1024,290
Molecule_1025,0
Molecule_1026,0
Molecule_1027,0
Molecule_1028,0
Molecule_1029,0
Molecule_1030,0
Molecule_1031,0
Molecule_1033,0
Molecule_1036,70
Molecule_1037,0
Molecule_1038,0
Molecule_1047,0
Molecule_1048,265
Molecule_1049,0
Molecule_1051,0
Molecule_1054,0
Molecule_1055,0
Molecule_1056,0
Molecule_1059,0
Molecule_1060,230
Molecule_1062,0
Molecule_1063,0
Molecule_1065,0
Molecule_1066,0
Molecule_1067,0
Molecule_1068,3110
Molecule_1070,110
Molecule_1071,0
Molecule_1073,0
Molecule_1074,0
Molecule_1076,0
Molecule_1077,270
Molecule_1083,0
Molecule_1085,2042
Molecule_1086,300
Molecule_1087,0
Molecule_1088,0
Molecule_1089,200
Molecule_1090,0
Molecule_1091,300
Molecule_1092,0
Molecule_1093,0
Molecule_1094,0
Molecule_1095,0
Molecule_1096,0
Molecule_1097,0
Molecule_1098,0
Molecule_1099,0
Molecule_1100,0
Molecule_1103,0
Molecule_1107,110
Molecule_1110,0
Molecule_1111,70
Molecule_1112,300
Molecule_1113,0
Molecule_1114,110
Molecule_1115,225
Molecule_1116,0
Molecule_1117,0
Molecule_1121,0
Molecule_1122,0
Molecule_1131,0
Molecule_1132,0
Molecule_1137,0
Molecule_1139,170
Molecule_1140,0
Molecule_1141,0
Molecule_1146,0
Molecule_1148,80
Molecule_1149,110
Molecule_1151,0
Molecule_1152,110
Molecule_1153,0
Molecule_1154,0
Molecule_1155,0
Molecule_1156,290
Molecule_1157,280
Molecule_1158,0
Molecule_1159,110
Molecule_1160,2032
Molecule_1162,0
Molecule_1163,580
Molecule_1164,225
Molecule_1165,0
Molecule_1168,0
Molecule_1171,110
Molecule_1172,0
Molecule_1173,110
Molecule_1174,0
Molecule_1176,200
Molecule_1177,205
Molecule_1178,0
Molecule_1179,0
Molecule_1180,0
Molecule_1181,0
Molecule_1182,0
Molecule_1183,0
Molecule_1185,0
Molecule_1186,190
Molecule_1187,110
Molecule_1188,110
Molecule_1189,0
Molecule_1190,0
Molecule_1191,0
Molecule_1192,0
Molecule_1193,0
Molecule_1194,0
Molecule_1195,0
Molecule_1196,0
Molecule_1197,0
Molecule_1198,0
Molecule_1199,0
Molecule_1200,110
Molecule_1201,110
Molecule_1202,150
Molecule_1203,0
Molecule_1204,0
Molecule_1205,3118
Molecule_1206,0
Molecule_1207,0
Molecule_1208,0
Molecule_1209,0
Molecule_1210,0
Molecule_1211,0
Molecule_1212,0
Molecule_1213,0
Molecule_1214,0
Molecule_1215,0
Molecule_1216,0
Molecule_1217,0
Molecule_1218,0
Molecule_1219,0
Molecule_1220,110
Molecule_1221,110
Molecule_1222,0
Molecule_1223,290
Molecule_1224,120
Molecule_1225,0
Molecule_1227,0
Molecule_1228,2079
Molecule_1229,0
Molecule_1230,0
Molecule_1231,0
Molecule_1233,0
Molecule_1234,0
Molecule_1235,0
Molecule_1236,300
Molecule_1237,0
Molecule_1239,0
Molecule_1240,300
Molecule_1241,0
Molecule_1242,0
Molecule_1243,0
Molecule_1244,110
Molecule_1245,0
Molecule_1246,0
Molecule_1247,0
Molecule_1248,115
Molecule_1249,0
Molecule_1250,0
Molecule_1251,0
Molecule_1252,0
Molecule_1253,110
Molecule_1254,0
Molecule_1255,0
Molecule_1256,0
Molecule_1257,0
Molecule_1258,110
Molecule_1259,260
Molecule_1260,0
Molecule_1262,0
Molecule_1263,0
Molecule_1264,0
Molecule_1265,0
Molecule_1266,110
Molecule_1267,0
Molecule_1268,0
Molecule_1269,0
Molecule_1273,300
Molecule_1275,0
Molecule_1276,0
Molecule_1278,0
Molecule_1279,170
Molecule_1280,300
Molecule_1281,0
Molecule_1282,0
Molecule_1284,1768
Molecule_1286,0
Molecule_1287,0
Molecule_1288,2041
Molecule_1289,0
Molecule_1290,0
Molecule_1294,0
Molecule_1295,0
Molecule_1296,0
Molecule_1298,110
Molecule_1299,0
Molecule_1300,110
Molecule_1301,0
Molecule_1302,0
Molecule_1303,0
Molecule_1304,0
Molecule_1305,0
Molecule_1306,0
Molecule_1307,110
Molecule_1308,0
Molecule_1309,0
Molecule_1310,0
Molecule_1311,0
Molecule_1312,110
Molecule_1313,125
Molecule_1315,110
Molecule_1317,190
Molecule_1318,0
Molecule_1319,0
Molecule_1320,0
Molecule_1321,0
Molecule_1322,0
Molecule_1323,0
Molecule_1324,0
Molecule_1325,110
Molecule_1327,0
Molecule_1328,0
Molecule_1329,0
Molecule_1330,350
Molecule_1331,0
Molecule_1332,0
Molecule_1333,300
Molecule_1334,0
Molecule_1335,0
Molecule_1336,0
Molecule_1337,180
Molecule_1338,0
Molecule_1339,0
Molecule_1341,0
Molecule_1342,0
Molecule_1343,0
Molecule_1344,0
Molecule_1345,0
Molecule_1346,0
Molecule_1347,0
Molecule_1349,0
Molecule_1351,110
Molecule_1352,2705
Molecule_1353,170
Molecule_1355,0
Molecule_1356,0
Molecule_1357,0
Molecule_1358,110
Molecule_1359,110
Molecule_1360,0
Molecule_1361,290
Molecule_1362,843
Molecule_1363,0
Molecule_1364,0
Molecule_1365,0
Molecule_1366,0
Molecule_1367,0
Molecule_1368,200
Molecule_1369,0
Molecule_1370,290
Molecule_1371,0
Molecule_1372,0
Molecule_1373,0
Molecule_1374,185
Molecule_1375,0
Molecule_1376,0
Molecule_1377,0
Molecule_1378,0
Molecule_1379,110
Molecule_1380,0
Molecule_1381,110
Molecule_1382,380
Molecule_1383,0
Molecule_1384,130
Molecule_1385,0
Molecule_1386,0
Molecule_1387,3064
Molecule_1388,0
Molecule_1389,0
Molecule_1390,0
Molecule_1391,0
Molecule_1392,130
Molecule_1393,130
Molecule_1394,0
Molecule_1395,0
Molecule_1396,2032
Molecule_1397,200
Molecule_1398,110
Molecule_1399,70
Molecule_1400,250
Molecule_1401,110
Molecule_1402,0
Molecule_1403,0
Molecule_1404,0
Molecule_1405,0
Molecule_1406,300
Molecule_1407,290
Molecule_1408,0
Molecule_1409,110
Molecule_1410,0
Molecule_1411,0
Molecule_1412,0
Molecule_1413,0
Molecule_1414,0
Molecule_1415,185
Molecule_1416,0
Molecule_1417,0
Molecule_1418,0
Molecule_1419,0
Molecule_1420,2042
Molecule_1421,0
Molecule_1422,300
Molecule_1423,0
Molecule_1424,0
Molecule_1425,0
Molecule_1426,0
Molecule_1427,70
Molecule_1428,110
Molecule_1429,0
Molecule_1430,0
Molecule_1431,0
Molecule_1432,0
Molecule_1433,0
Molecule_1434,0
Molecule_1435,0
Molecule_1436,0
Molecule_1437,110
Molecule_1438,350
Molecule_1439,0
Molecule_1440,190
Molecule_1441,0
Molecule_1442,110
Molecule_1443,0
Molecule_1444,0
Molecule_1445,0
Molecule_1446,0
Molecule_1447,0
Molecule_1448,0
Molecule_1449,0
Molecule_1450,0
Molecule_1451,0
Molecule_1453,0
Molecule_1454,0
Molecule_1456,0
Molecule_1457,0
Molecule_1459,0
Molecule_1460,0
Molecule_1462,0
Molecule_1463,0
Molecule_1464,0
Molecule_1469,0
Molecule_1471,0
Molecule_1474,0
Molecule_1475,0
Molecule_1476,0
Molecule_1478,0
Molecule_1479,0
Molecule_1481,0
Molecule_1482,0
Molecule_1483,0
Molecule_1484,110
Molecule_1485,0
Molecule_1486,2536
Molecule_1487,0
Molecule_1488,110
Molecule_1490,0
Molecule_1491,110
Molecule_1492,0
Molecule_1493,0
Molecule_1494,0
Molecule_1495,0
Molecule_1496,110
Molecule_1497,0
Molecule_1498,0
Molecule_1499,0
Molecule_1500,0
Molecule_1501,0
Molecule_1502,0
Molecule_1503,0
Molecule_1504,0
Molecule_1505,0
Molecule_1506,0
Molecule_1507,0
Molecule_1508,0
Molecule_1509,0
Molecule_1510,0
Molecule_1511,0
Molecule_1512,0
Molecule_1513,240
Molecule_1514,0
Molecule_1515,0
Molecule_1516,0
Molecule_1517,190
Molecule_1518,0
Molecule_1519,0
Molecule_1520,0
Molecule_1521,0
Molecule_1522,2041
Molecule_1523,0
Molecule_1524,110
Molecule_1525,0
Molecule_1526,0
Molecule_1527,0
Molecule_1528,110
Molecule_1529,0
Molecule_1531,0
Molecule_1533,0
Molecule_1534,0
Molecule_1535,560
Molecule_1536,0
Molecule_1537,0
Molecule_1538,0
Molecule_1539,0
Molecule_1540,0
Molecule_1541,0
Molecule_1542,0
Molecule_1543,0
Molecule_1544,110
Molecule_1545,0
Molecule_1546,0
Molecule_1547,170
Molecule_1548,7351
Molecule_1549,0
Molecule_1550,0
Molecule_1551,0
Molecule_1552,110
Molecule_1553,0
Molecule_1554,0
Molecule_1555,0
Molecule_1556,0
Molecule_1557,110
Molecule_1558,110
Molecule_1559,0
Molecule_1560,170
Molecule_1561,0
Molecule_1562,0
Molecule_1563,0
Molecule_1564,0
Molecule_1565,0
Molecule_1566,0
Molecule_1567,0
Molecule_1568,0
Molecule_1569,0
Molecule_1570,170
Molecule_1571,4211
Molecule_1572,110
Molecule_1573,110
Molecule_1574,0
Molecule_1575,0
Molecule_1577,0
Molecule_1578,0
Molecule_1579,0
Molecule_1580,0
Molecule_1582,0
Molecule_1583,0
Molecule_1584,0
Molecule_1585,0
Molecule_1586,0
Molecule_1587,110
Molecule_1590,280
Molecule_1591,270
Molecule_1592,0
Molecule_1593,0
Molecule_1594,0
Molecule_1595,0
Molecule_1596,0
Molecule_1597,0
Molecule_1598,0
Molecule_1599,0
Molecule_1600,0
Molecule_1601,0
Molecule_1602,0
Molecule_1604,0
Molecule_1605,0
Molecule_1606,0
Molecule_1607,130
Molecule_1608,0
Molecule_1609,0
Molecule_1610,0
Molecule_1611,110
Molecule_1612,0
Molecule_1613,0
Molecule_1614,0
Molecule_1615,0
Molecule_1616,170
Molecule_1617,0
Molecule_1618,0
Molecule_1619,0
Molecule_1621,0
Molecule_1622,0
Molecule_1623,0
Molecule_1624,0
Molecule_1625,0
Molecule_1626,0
Molecule_1627,0
Molecule_1628,0
Molecule_1629,0
Molecule_1630,0
Molecule_1631,0
Molecule_1632,0
Molecule_1633,0
Molecule_1634,110
Molecule_1635,0
Molecule_1636,0
Molecule_1637,0
Molecule_1638,2041
Molecule_1639,185
Molecule_1640,0
Molecule_1641,260
Molecule_1642,0
Molecule_1643,0
Molecule_1644,0
Molecule_1645,110
Molecule_1646,0
Molecule_1647,0
Molecule_1648,0
Molecule_1649,80
Molecule_1650,0
Molecule_1651,110
Molecule_1652,0
Molecule_1653,0
Molecule_1654,1652
Molecule_1655,0
Molecule_1656,0
Molecule_1657,170
Molecule_1658,0
Molecule_1660,0
Molecule_1661,0
Molecule_1662,0
Molecule_1663,110
Molecule_1664,110
Molecule_1665,0
Molecule_1666,110
Molecule_1667,0
Molecule_1668,0
Molecule_1669,0
Molecule_1670,0
Molecule_1671,0
Molecule_1672,0
Molecule_1673,1652
Molecule_1674,110
Molecule_1677,0
Molecule_1678,0
Molecule_1679,0
Molecule_1680,0
Molecule_1681,110
Molecule_1682,80
Molecule_1683,0
Molecule_1684,170
Molecule_1685,0
Molecule_1686,110
Molecule_1688,0
Molecule_1690,0
Molecule_1691,0
Molecule_1692,1783
Molecule_1693,0
Molecule_1694,0
Molecule_1695,0
Molecule_1696,0
Molecule_1698,70
Molecule_1699,0
Molecule_1700,0
Molecule_1701,0
Molecule_1702,0
Molecule_1704,0
Molecule_1706,1694
Molecule_1708,0
Molecule_1709,0
Molecule_1710,0
Molecule_1711,0
Molecule_1712,0
Molecule_1713,0
Molecule_1714,0
Molecule_1715,110
Molecule_1716,0
Molecule_1717,110
Molecule_1718,0
Molecule_1719,0
Molecule_1721,0
Molecule_1722,2042
Molecule_1724,0
Molecule_1725,0
Molecule_1726,0
Molecule_1727,110
Molecule_1728,0
Molecule_1729,0
Molecule_1730,0
Molecule_1731,0
Molecule_1732,0
Molecule_1733,70
Molecule_1734,0
Molecule_1735,0
Molecule_1736,0
Molecule_1737,0
Molecule_1739,0
Molecule_1740,0
Molecule_1741,0
Molecule_1743,0
Molecule_1744,0
Molecule_1745,0
Molecule_1746,0
Molecule_1747,1774
Molecule_1748,1779
Molecule_1749,0
Molecule_1750,0
Molecule_1751,0
Molecule_1752,0
Molecule_1753,0
Molecule_1754,0
Molecule_1755,0
Molecule_1756,0
Molecule_1757,0
Molecule_1758,0
Molecule_1759,0
Molecule_1760,0
Molecule_1761,300
Molecule_1762,0
Molecule_1763,2378
Molecule_1764,0
Molecule_1765,0
Molecule_1768,290
Molecule_1769,0
Molecule_1770,0
Molecule_1771,0
Molecule_1772,0
Molecule_1773,0
Molecule_1774,2001
Molecule_1775,0
Molecule_1776,0
Molecule_1777,110
Molecule_1778,0
Molecule_1779,300
Molecule_1780,0
Molecule_1781,0
Molecule_1782,0
Molecule_1783,400
Molecule_1784,0
Molecule_1785,70
Molecule_1786,0
Molecule_1787,280
Molecule_1790,130
Molecule_1791,1774
Molecule_1793,0
Molecule_1794,0
Molecule_1795,0
Molecule_1796,0
Molecule_1798,0
Molecule_1799,110
Molecule_1800,0
Molecule_1801,0
Molecule_1802,0
Molecule_1803,0
Molecule_1804,0
Molecule_1805,0
Molecule_1806,0
Molecule_1807,170
Molecule_1808,0
Molecule_1809,0
Molecule_1810,0
Molecule_1811,0
Molecule_1812,0
Molecule_1813,1768
Molecule_1814,0
Molecule_1815,170
Molecule_1816,0
Molecule_1817,350
Molecule_1818,110
Molecule_1819,0
Molecule_1820,170
Molecule_1821,0
Molecule_1822,0
Molecule_1823,0
Molecule_1824,110
Molecule_1825,0
Molecule_1826,0
Molecule_1827,0
Molecule_1828,0
Molecule_1829,0
Molecule_1830,110
Molecule_1831,0
Molecule_1832,0
Molecule_1833,0
Molecule_1834,0
Molecule_1835,0
Molecule_1836,0
Molecule_1837,0
Molecule_1838,0
Molecule_1839,0
Molecule_1840,0
Molecule_1841,0
Molecule_1842,0
Molecule_1843,0
Molecule_1844,0
Molecule_1845,0
Molecule_1846,0
Molecule_1847,3533
Molecule_1848,170
Molecule_1849,120
Molecule_1850,0
Molecule_1851,0
Molecule_1852,0
Molecule_1853,0
Molecule_1854,170
Molecule_1855,3118
Molecule_1856,0
Molecule_1857,0
Molecule_1858,170
Molecule_1859,300
Molecule_1860,0
Molecule_1862,0
Molecule_1864,1768
Molecule_1865,0
Molecule_1866,0
Molecule_1867,0
Molecule_1868,2041
Molecule_1869,0
Molecule_1870,0
Molecule_1871,300
Molecule_1872,30
Molecule_1873,0
Molecule_1874,0
Molecule_1875,300
Molecule_1876,0
Molecule_1877,560
Molecule_1878,380
Molecule_1880,0
Molecule_1882,190
Molecule_1883,0
Molecule_1884,0
Molecule_1885,0
Molecule_1886,0
Molecule_1887,0
Molecule_1888,0
Molecule_1889,0
Molecule_1890,300
Molecule_1891,470
Molecule_1892,0
Molecule_1893,2032
Molecule_1894,0
Molecule_1895,0
Molecule_1896,0
Molecule_1897,110
Molecule_1898,0
Molecule_1899,0
Molecule_1900,0
Molecule_1901,110
Molecule_1902,0
Molecule_1903,380
Molecule_1905,0
Molecule_1906,0
Molecule_1907,300
Molecule_1908,0
Molecule_1909,0
Molecule_1910,0
Molecule_1911,0
Molecule_1912,0
Molecule_1913,0
Molecule_1914,0
Molecule_1915,110
Molecule_1916,0
Molecule_1917,0
Molecule_1919,0
Molecule_1920,0
Molecule_1921,0
Molecule_1922,0
Molecule_1923,0
Molecule_1924,0
Molecule_1925,0
Molecule_1926,0
Molecule_1927,110
Molecule_1928,0
Molecule_1929,0
Molecule_1930,0
Molecule_1931,0
Molecule_1932,0
Molecule_1933,0
Molecule_1934,0
Molecule_1935,0
Molecule_1936,0
Molecule_1937,0
Molecule_1938,0
Molecule_1939,0
Molecule_1940,190
Molecule_1941,0
Molecule_1942,0
Molecule_1943,0
Molecule_1944,0
Molecule_1945,0
Molecule_1946,0
Molecule_1947,0
Molecule_1948,0
Molecule_1949,0
Molecule_1950,0
Molecule_1951,190
Molecule_1952,0
Molecule_1953,0
Molecule_1954,170
Molecule_1955,0
Molecule_1956,0
Molecule_1957,2042
Molecule_1958,0
Molecule_1959,0
Molecule_1960,110
Molecule_1961,0
Molecule_1962,110
Molecule_1963,1779
Molecule_1964,170
Molecule_1966,0
Molecule_1967,0
Molecule_1968,0
Molecule_1969,170
Molecule_1970,70
Molecule_1971,110
Molecule_1972,0
Molecule_1973,110
Molecule_1974,0
Molecule_1975,0
Molecule_1976,0
Molecule_1977,0
Molecule_1978,0
Molecule_1979,0
Molecule_1980,0
Molecule_1981,0
Molecule_1982,0
Molecule_1983,0
Molecule_1984,0
Molecule_1985,110
Molecule_1986,200
Molecule_1987,0
Molecule_1988,0
Molecule_1989,0
Molecule_1990,0
Molecule_1991,1712
Molecule_1992,0
Molecule_1993,0
Molecule_1994,0
Molecule_1995,0
Molecule_1996,0
Molecule_1999,0
Molecule_2000,0
Molecule_2001,0
Molecule_2002,0
Molecule_2003,0
Molecule_2004,0
Molecule_2005,0
Molecule_2006,0
Molecule_2008,300
Molecule_2009,110
Molecule_2010,2242
Molecule_2012,0
Molecule_2013,0
Molecule_2014,110
Molecule_2015,0
Molecule_2016,0
Molecule_2017,0
Molecule_2018,0
Molecule_2019,0
Molecule_2020,0
Molecule_2021,0
Molecule_2022,0
Molecule_2023,190
Molecule_2024,0
Molecule_2025,0
Molecule_2026,0
Molecule_2027,0
Molecule_2028,0
Molecule_2029,0
Molecule_2030,0
Molecule_2031,0
Molecule_2032,0
Molecule_2033,0
Molecule_2034,0
Molecule_2035,3118
Molecule_2036,0
Molecule_2038,110
Molecule_2039,0
Molecule_2043,0
Molecule_2044,0
Molecule_2045,0
Molecule_2046,0
Molecule_2047,0
Molecule_2048,110
Molecule_2049,190
Molecule_2050,110
Molecule_2051,0
Molecule_2052,0
Molecule_2053,0
Molecule_2054,0
Molecule_2055,0
Molecule_2056,300
Molecule_2057,30
Molecule_2058,250
Molecule_2059,200
Molecule_2060,0
Molecule_2061,170
Molecule_2062,0
Molecule_2063,110
Molecule_2064,110
Molecule_2065,0
Molecule_2066,0
Molecule_2067,0
Molecule_2068,0
Molecule_2069,0
Molecule_2070,0
Molecule_2072,0
Molecule_2073,0
Molecule_2074,0
Molecule_2075,0
Molecule_2076,170
Molecule_2077,0
Molecule_2078,0
Molecule_2080,0
Molecule_2081,170
Molecule_2082,0
Molecule_2083,0
Molecule_2085,0
Molecule_2086,0
Molecule_2087,110
Molecule_2088,0
Molecule_2089,0
Molecule_2090,0
Molecule_2092,0
Molecule_2093,0
Molecule_2094,190
Molecule_2095,0
Molecule_2096,0
Molecule_2097,0
Molecule_2098,0
Molecule_2099,0
Molecule_2100,0
Molecule_2101,0
Molecule_2102,0
Molecule_2103,0
Molecule_2104,0
Molecule_2105,0
Molecule_2106,0
Molecule_2107,0
Molecule_2108,2042
Molecule_2109,0
Molecule_2110,0
Molecule_2111,190
Molecule_2112,0
Molecule_2113,0
Molecule_2114,0
Molecule_2115,0
Molecule_2116,0
Molecule_2117,0
Molecule_2118,0
Molecule_2119,300
Molecule_2120,0
Molecule_2121,0
Molecule_2122,110
Molecule_2123,110
Molecule_2124,0
Molecule_2125,0
Molecule_2126,0
Molecule_2127,0
Molecule_2128,0
Molecule_2129,0
Molecule_2130,0
Molecule_2131,0
Molecule_2132,0
Molecule_2133,110
Molecule_2134,0
Molecule_2135,110
Molecule_2136,0
Molecule_2137,0
Molecule_2138,0
Molecule_2139,0
Molecule_2140,0
Molecule_2141,110
Molecule_2142,0
Molecule_2143,0
Molecule_2144,0
Molecule_2145,0
Molecule_2146,190
Molecule_2147,110
Molecule_2148,0
Molecule_2149,0
Molecule_2150,3118
Molecule_2151,0
Molecule_2152,0
Molecule_2153,190
Molecule_2154,0
Molecule_2155,0
Molecule_2156,170
Molecule_2157,170
Molecule_2158,0
Molecule_2159,0
Molecule_2160,110
Molecule_2162,0
Molecule_2163,0
Molecule_2164,0
Molecule_2165,0
Molecule_2166,0
Molecule_2167,0
Molecule_2168,0
Molecule_2169,0
Molecule_2170,200
Molecule_2171,0
Molecule_2172,110
Molecule_2173,0
Molecule_2174,0
Molecule_2175,0
Molecule_2176,110
Molecule_2178,0
Molecule_2179,170
Molecule_2180,0
Molecule_2181,0
Molecule_2182,0
Molecule_2183,0
Molecule_2184,0
Molecule_2185,0
Molecule_2186,0
Molecule_2187,500
Molecule_2188,0
Molecule_2189,0
Molecule_2191,0
Molecule_2192,0
Molecule_2193,0
Molecule_2194,0
Molecule_2195,0
Molecule_2196,0
Molecule_2197,0
Molecule_2199,170
Molecule_2200,110
Molecule_2201,0
Molecule_2202,70
Molecule_2203,0
Molecule_2204,110
Molecule_2205,0
Molecule_2206,150
Molecule_2207,0
Molecule_2208,110
Molecule_2209,0
Molecule_2210,0
Molecule_2211,0
Molecule_2212,0
Molecule_2213,0
Molecule_2214,0
Molecule_2215,0
Molecule_2216,170
Molecule_2217,0
Molecule_2218,0
Molecule_2219,0
Molecule_2220,0
Molecule_2221,0
Molecule_2222,240
Molecule_2223,0
Molecule_2224,0
Molecule_2225,0
Molecule_2226,3191
Molecule_2227,0
Molecule_2228,0
Molecule_2230,110
Molecule_2231,110
Molecule_2232,0
Molecule_2234,0
Molecule_2235,0
Molecule_2236,0
Molecule_2237,0
Molecule_2238,0
Molecule_2239,190
Molecule_2240,190
Molecule_2241,110
Molecule_2242,0
Molecule_2243,350
Molecule_2244,0
Molecule_2245,0
Molecule_2246,0
Molecule_2247,0
Molecule_2248,0
Molecule_2249,0
Molecule_2250,0
Molecule_2251,0
Molecule_2252,170
Molecule_2253,90
Molecule_2254,0
Molecule_2255,0
Molecule_2256,0
Molecule_2257,200
Molecule_2258,190
Molecule_2259,1768
Molecule_2260,200
Molecule_2261,0
Molecule_2262,0
Molecule_2263,0
Molecule_2264,0
Molecule_2265,0
Molecule_2266,0
Molecule_2267,190
Molecule_2268,0
Molecule_2269,0
Molecule_2270,0
Molecule_2271,0
Molecule_2272,170
Molecule_2273,0
Molecule_2274,0
Molecule_2275,0
Molecule_2276,110
Molecule_2277,0
Molecule_2278,0
Molecule_2279,0
Molecule_2280,0
Molecule_2281,0
Molecule_2282,0
Molecule_2283,0
Molecule_2284,0
Molecule_2285,170
Molecule_2287,0
Molecule_2289,0
Molecule_2290,0
Molecule_2291,0
Molecule_2292,0
Molecule_2293,0
Molecule_2294,0
Molecule_2295,0
Molecule_2296,0
Molecule_2297,0
Molecule_2298,0
Molecule_2299,0
Molecule_2300,110
Molecule_2301,0
Molecule_2302,0
Molecule_2303,0
Molecule_2304,0
Molecule_2305,0
Molecule_2306,0
Molecule_2307,0
Molecule_2308,0
Molecule_2309,0
Molecule_2310,0
Molecule_2311,0
Molecule_2312,0
Molecule_2313,0
Molecule_2314,3083
Molecule_2315,0
Molecule_2316,0
Molecule_2317,0
Molecule_2318,0
Molecule_2319,0
Molecule_2320,110
Molecule_2321,0
Molecule_2322,0
Molecule_2324,0
Molecule_2325,0
Molecule_2326,110
Molecule_2327,0
Molecule_2328,0
Molecule_2329,0
Molecule_2330,0
Molecule_2331,0
Molecule_2332,0
Molecule_2333,0
Molecule_2334,0
Molecule_2336,0
Molecule_2337,0
Molecule_2338,0
Molecule_2339,0
Molecule_2340,420
Molecule_2341,0
Molecule_2342,0
Molecule_2343,7351
Molecule_2344,0
Molecule_2345,0
Molecule_2346,0
Molecule_2347,0
Molecule_2348,110
Molecule_2349,0
Molecule_2350,830
Molecule_2351,0
Molecule_2352,0
Molecule_2353,0
Molecule_2354,0
Molecule_2355,0
Molecule_2356,190
Molecule_2357,0
Molecule_2358,0
Molecule_2359,0
Molecule_2360,0
Molecule_2361,0
Molecule_2362,0
Molecule_2363,3533
Molecule_2364,0
Molecule_2365,0
Molecule_2366,0
Molecule_2367,0
Molecule_2368,110
Molecule_2370,0
Molecule_2371,550
Molecule_2372,0
Molecule_2373,0
Molecule_2374,0
Molecule_2375,0
Molecule_2376,1005
Molecule_2377,0
Molecule_2378,0
Molecule_2379,0
Molecule_2380,110
Molecule_2381,0
Molecule_2382,0
Molecule_2383,0
Molecule_2385,0
Molecule_2386,0
Molecule_2387,0
Molecule_2388,0
Molecule_2389,0
Molecule_2390,0
Molecule_2391,0
Molecule_2392,0
Molecule_2393,0
Molecule_2394,0
Molecule_2395,0
Molecule_2396,300
Molecule_2397,110
Molecule_2398,110
Molecule_2399,0
Molecule_2400,0
Molecule_2401,0
Molecule_2402,0
Molecule_2403,1768
Molecule_2404,0
Molecule_2405,0
Molecule_2406,0
Molecule_2408,0
Molecule_2409,0
Molecule_2410,0
Molecule_2411,0
Molecule_2412,560
Molecule_2413,0
Molecule_2414,0
Molecule_2415,110
Molecule_2416,0
Molecule_2417,0
Molecule_2419,0
Molecule_2420,0
Molecule_2421,90
Molecule_2422,0
Molecule_2423,0
Molecule_2424,0
Molecule_2425,0
Molecule_2426,0
Molecule_2427,0
Molecule_2428,170
Molecule_2430,0
Molecule_2431,110
Molecule_2432,0
Molecule_2433,0
Molecule_2434,0
Molecule_2435,0
Molecule_2436,0
Molecule_2437,0
Molecule_2438,0
Molecule_2439,0
Molecule_2440,0
Molecule_2441,0
Molecule_2443,0
Molecule_2444,0
Molecule_2445,0
Molecule_2446,0
Molecule_2447,0
Molecule_2449,110
Molecule_2450,280
Molecule_2451,2041
Molecule_2452,2705
Molecule_2453,110
Molecule_2454,0
Molecule_2455,0
Molecule_2456,0
Molecule_2457,110
Molecule_2458,0
Molecule_2459,0
Molecule_2460,0
Molecule_2462,0
Molecule_2463,0
Molecule_2464,0
Molecule_2465,0
Molecule_2466,110
Molecule_2467,0
Molecule_2468,0
Molecule_2469,0
Molecule_2470,0
Molecule_2471,0
Molecule_2473,110
Molecule_2474,0
Molecule_2475,1770
Molecule_2476,0
Molecule_2477,0
Molecule_2478,0
Molecule_2479,70
Molecule_2480,170
Molecule_2481,110
Molecule_2483,0
Molecule_2484,0
Molecule_2485,110
Molecule_2486,0
Molecule_2488,0
Molecule_2489,190
Molecule_2490,0
Molecule_2491,0
Molecule_2492,0
Molecule_2493,0
Molecule_2494,0
Molecule_2495,400
Molecule_2496,0
Molecule_2497,0
Molecule_2498,0
Molecule_2499,130
Molecule_2500,0
Molecule_2501,0
Molecule_2502,0
Molecule_2503,0
Molecule_2504,110
Molecule_2507,190
Molecule_2508,0
Molecule_2509,0
Molecule_2511,0
Molecule_2512,0
Molecule_2513,110
Molecule_2514,0
Molecule_2515,0
Molecule_2516,7351
Molecule_2517,0
Molecule_2518,0
Molecule_2519,0
Molecule_2520,0
Molecule_2521,0
Molecule_2522,0
Molecule_2523,0
Molecule_2524,0
Molecule_2525,0
Molecule_2526,0
Molecule_2527,0
Molecule_2528,0
Molecule_2529,200
Molecule_2530,170
Molecule_2531,0
Molecule_2532,0
Molecule_2534,110
Molecule_2536,0
Molecule_2537,0
Molecule_2538,1768
Molecule_2539,0
Molecule_2540,0
Molecule_2541,0
Molecule_2542,0
Molecule_2543,0
Molecule_2544,0
Molecule_2545,0
Molecule_2546,0
Molecule_2547,0
Molecule_2548,110
Molecule_2549,2041
Molecule_2550,170
Molecule_2551,0
Molecule_2552,0
Molecule_2553,0
Molecule_2554,0
Molecule_2555,0
Molecule_2556,175
Molecule_2557,0
Molecule_2558,110
Molecule_2559,0
Molecule_2560,0
Molecule_2561,0
Molecule_2562,0
Molecule_2563,0
Molecule_2565,0
Molecule_2566,0
Molecule_2567,1774
Molecule_2568,0
Molecule_2569,0
Molecule_2570,0
Molecule_2571,0
Molecule_2572,0
Molecule_2573,0
Molecule_2574,0
Molecule_2575,0
Molecule_2576,0
Molecule_2577,300
Molecule_2578,0
Molecule_2579,0
Molecule_2580,0
Molecule_2581,280
Molecule_2582,0
Molecule_2583,0
Molecule_2584,0
Molecule_2585,0
Molecule_2586,0
Molecule_2587,0
Molecule_2588,0
Molecule_2589,2242
Molecule_2590,0
Molecule_2591,0
Molecule_2592,0
Molecule_2593,0
Molecule_2594,0
Molecule_2595,0
Molecule_2596,110
Molecule_2597,0
Molecule_2599,110
Molecule_2600,0
Molecule_2601,0
Molecule_2602,0
Molecule_2603,0
Molecule_2604,0
Molecule_2605,0
Molecule_2606,0
Molecule_2607,280
Molecule_2608,0
Molecule_2609,0
Molecule_2610,0
Molecule_2611,300
Molecule_2612,0
Molecule_2613,170
Molecule_2614,0
Molecule_2615,170
Molecule_2616,0
Molecule_2617,0
Molecule_2618,110
Molecule_2619,110
Molecule_2620,300
Molecule_2621,0
Molecule_2622,0
Molecule_2623,0
Molecule_2624,0
Molecule_2625,0
Molecule_2626,0
Molecule_2627,0
Molecule_2628,0
Molecule_2629,170
Molecule_2630,0
Molecule_2631,0
Molecule_2632,0
Molecule_2633,0
Molecule_2634,410
Molecule_2635,0
Molecule_2636,200
Molecule_2637,0
Molecule_2638,0
Molecule_2639,0
Molecule_2640,0
Molecule_2641,0
Molecule_2642,0
Molecule_2643,0
Molecule_2644,0
Molecule_2645,0
Molecule_2646,0
Molecule_2647,0
Molecule_2648,110
Molecule_2649,0
Molecule_2650,0
Molecule_2651,0
Molecule_2652,0
Molecule_2653,185
Molecule_2654,0
Molecule_2655,0
Molecule_2656,2041
Molecule_2657,0
Molecule_2658,0
Molecule_2659,0
Molecule_2660,0
Molecule_2661,0
Molecule_2662,0
Molecule_2663,0
Molecule_2664,0
Molecule_2665,0
Molecule_2667,0
Molecule_2668,110
Molecule_2669,0
Molecule_2670,0
Molecule_2671,0
Molecule_2672,0
Molecule_2673,0
Molecule_2674,0
Molecule_2675,0
Molecule_2676,0
Molecule_2677,0
Molecule_2678,170
Molecule_2679,0
Molecule_2680,0
Molecule_2681,0
Molecule_2682,0
Molecule_2683,110
Molecule_2684,0
Molecule_2685,0
Molecule_2686,0
Molecule_2687,0
Molecule_2688,110
Molecule_2689,0
Molecule_2690,0
Molecule_2691,0
Molecule_2692,0
Molecule_2693,170
Molecule_2694,0
Molecule_2695,0
Molecule_2696,0
Molecule_2697,0
Molecule_2698,0
Molecule_2699,0
Molecule_2700,0
Molecule_2701,0
Molecule_2702,0
Molecule_2703,110
Molecule_2704,0
Molecule_2705,330
Molecule_2706,470
Molecule_2707,1783
Molecule_2708,0
Molecule_2709,0
Molecule_2710,0
Molecule_2711,0
Molecule_2712,0
Molecule_2713,110
Molecule_2715,0
Molecule_2716,0
Molecule_2717,0
Molecule_2718,0
Molecule_2719,0
Molecule_2720,0
Molecule_2721,0
Molecule_2722,0
Molecule_2723,185
Molecule_2724,0
Molecule_2725,170
Molecule_2726,0
Molecule_2727,0
Molecule_2728,0
Molecule_2729,0
Molecule_2730,170
Molecule_2731,0
Molecule_2732,0
Molecule_2733,0
Molecule_2734,0
Molecule_2735,0
Molecule_2736,0
Molecule_2737,170
Molecule_2738,560
Molecule_2739,170
Molecule_2740,0
Molecule_2741,0
Molecule_2742,0
Molecule_2743,0
Molecule_2744,0
Molecule_2745,170
Molecule_2746,560
Molecule_2747,110
Molecule_2748,0
Molecule_2749,0
Molecule_2750,0
Molecule_2751,0
Molecule_2752,300
Molecule_2753,110
Molecule_2755,0
Molecule_2756,0
Molecule_2757,110
Molecule_2758,0
Molecule_2759,110
Molecule_2760,0
Molecule_2761,0
Molecule_2762,170
Molecule_2763,110
Molecule_2764,0
Molecule_2765,0
Molecule_2766,110
Molecule_2767,0
Molecule_2768,0
Molecule_2769,0
Molecule_2770,0
Molecule_2771,0
Molecule_2772,0
Molecule_2773,110
Molecule_2774,0
Molecule_2776,0
Molecule_2777,170
Molecule_2778,0
Molecule_2779,170
Molecule_2780,0
Molecule_2781,2041
Molecule_2783,1989
Molecule_2784,0
Molecule_2785,0
Molecule_2786,0
Molecule_2787,290
Molecule_2788,0
Molecule_2789,130
Molecule_2790,0
Molecule_2791,0
Molecule_2792,0
Molecule_2793,200
Molecule_2794,0
Molecule_2795,0
Molecule_2796,0
Molecule_2797,0
Molecule_2798,0
Molecule_2799,0
Molecule_2800,0
Molecule_2801,0
Molecule_2802,0
Molecule_2803,0
Molecule_2804,0
Molecule_2805,80
Molecule_2806,0
Molecule_2807,110
Molecule_2808,0
Molecule_2809,0
Molecule_2810,0
Molecule_2811,0
Molecule_2812,0
Molecule_2813,110
Molecule_2814,110
Molecule_2815,0
Molecule_2817,0
Molecule_2818,0
Molecule_2819,0
Molecule_2820,0
Molecule_2821,0
Molecule_2822,110
Molecule_2823,0
Molecule_2824,470
Molecule_2825,0
Molecule_2826,110
Molecule_2827,0
Molecule_2828,0
Molecule_2829,0
Molecule_2830,110
Molecule_2831,0
Molecule_2832,580
Molecule_2833,580
Molecule_2834,0
Molecule_2835,0
Molecule_2836,300
Molecule_2837,0
Molecule_2838,0
Molecule_2839,0
Molecule_2840,0
Molecule_2841,0
Molecule_2842,0
Molecule_2843,200
Molecule_2844,0
Molecule_2845,0
Molecule_2846,2242
Molecule_2848,0
Molecule_2849,0
Molecule_2850,0
Molecule_2851,0
Molecule_2852,0
Molecule_2853,0
Molecule_2854,0
Molecule_2855,0
Molecule_2856,0
Molecule_2857,70
Molecule_2858,110
Molecule_2859,0
Molecule_2860,170
Molecule_2861,2041
Molecule_2862,0
Molecule_2864,0
Molecule_2865,0
Molecule_2866,560
Molecule_2867,2042
Molecule_2868,380
Molecule_2869,0
Molecule_2870,0
Molecule_2871,200
Molecule_2872,0
Molecule_2873,0
Molecule_2874,0
Molecule_2875,290
Molecule_2876,0
Molecule_2877,0
Molecule_2878,0
Molecule_2879,0
Molecule_2880,300
Molecule_2881,0
Molecule_2882,0
Molecule_2883,0
Molecule_2884,30
Molecule_2885,120
Molecule_2887,0
Molecule_2888,0
Molecule_2889,170
Molecule_2890,0
Molecule_2891,0
Molecule_2892,225
Molecule_2893,4155
Molecule_2894,0
Molecule_2895,0
Molecule_2896,0
Molecule_2897,0
Molecule_2898,3118
Molecule_2899,0
Molecule_2900,0
Molecule_2901,110
Molecule_2902,0
Molecule_2903,0
Molecule_2904,0
Molecule_2905,0
Molecule_2906,0
Molecule_2907,0
Molecule_2908,0
Molecule_2909,30
Molecule_2910,300
Molecule_2911,0
Molecule_2912,0
Molecule_2913,170
Molecule_2914,0
Molecule_2915,30
Molecule_2916,0
Molecule_2917,0
Molecule_2918,0
Molecule_2919,130
Molecule_2920,130
Molecule_2921,0
Molecule_2922,2042
Molecule_2923,2042
Molecule_2924,190
Molecule_2925,0
Molecule_2926,0
Molecule_2927,0
Molecule_2928,0
Molecule_2929,0
Molecule_2930,0
Molecule_2931,0
Molecule_2932,300
Molecule_2933,0
Molecule_2934,110
Molecule_2935,300
Molecule_2936,300
Molecule_2937,0
Molecule_2938,0
Molecule_2939,0
Molecule_2940,0
Molecule_2941,0
Molecule_2943,0
Molecule_2944,0
Molecule_2945,0
Molecule_2946,0
Molecule_2947,0
Molecule_2948,0
Molecule_2949,0
Molecule_2950,0
Molecule_2951,0
Molecule_2953,0
Molecule_2954,0
Molecule_2955,0
Molecule_2956,0
Molecule_2957,170
Molecule_2958,0
Molecule_2959,0
Molecule_2961,170
Molecule_2962,0
Molecule_2963,0
Molecule_2964,0
Molecule_2965,0
Molecule_2966,0
Molecule_2967,0
Molecule_2968,0
Molecule_2969,0
Molecule_2970,0
Molecule_2971,0
Molecule_2973,0
Molecule_2974,0
Molecule_2975,0
Molecule_2976,160
Molecule_2977,170
Molecule_2978,1768
Molecule_2979,120
Molecule_2980,0
Molecule_2981,0
Molecule_2982,0
Molecule_2983,0
Molecule_2984,0
Molecule_2986,0
Molecule_2987,0
Molecule_2988,2285
Molecule_2990,0
Molecule_2991,0
Molecule_2992,0
Molecule_2993,0
Molecule_2994,1762
Molecule_2995,2316
Molecule_2996,120
Molecule_2997,0
Molecule_2998,0
Molecule_2999,0
Molecule_3001,0
Molecule_3002,0
Molecule_3003,0
Molecule_3004,0
Molecule_3005,175
Molecule_3006,110
Molecule_3007,0
Molecule_3008,110
Molecule_3009,4018
Molecule_3010,0
Molecule_3011,0
Molecule_3012,0
Molecule_3013,0
Molecule_3014,0
Molecule_3015,0
Molecule_3016,0
Molecule_3017,0
Molecule_3018,0
Molecule_3019,0
Molecule_3020,0
Molecule_3021,0
Molecule_3022,0
Molecule_3023,110
Molecule_3024,0
Molecule_3025,190
Molecule_3026,0
Molecule_3027,0
Molecule_3028,0
Molecule_3029,0
Molecule_3030,110
Molecule_3031,2042
Molecule_3032,0
Molecule_3033,0
Molecule_3034,0
Molecule_3035,570
Molecule_3036,0
Molecule_3037,110
Molecule_3038,1768
Molecule_3040,0
Molecule_3041,0
Molecule_3042,0
Molecule_3044,0
Molecule_3045,590
Molecule_3046,600
Molecule_3047,0
Molecule_3048,0
Molecule_3049,190
Molecule_3050,190
Molecule_3051,0
Molecule_3052,0
Molecule_3053,0
Molecule_3054,0
Molecule_3055,0
Molecule_3056,0
Molecule_3057,0
Molecule_3058,0
Molecule_3059,0
Molecule_3060,0
Molecule_3061,0
Molecule_3062,0
Molecule_3063,0
Molecule_3064,0
Molecule_3065,0
Molecule_3066,0
Molecule_3067,0
Molecule_3068,170
Molecule_3069,170
Molecule_3070,1697
Molecule_3071,0
Molecule_3072,0
Molecule_3073,0
Molecule_3074,190
Molecule_3075,0
Molecule_3076,0
Molecule_3077,0
Molecule_3078,0
Molecule_3079,0
Molecule_3080,0
Molecule_3081,0
Molecule_3082,0
Molecule_3083,0
Molecule_3084,0
Molecule_3085,0
Molecule_3086,0
Molecule_3087,0
Molecule_3088,0
Molecule_3089,0
Molecule_3090,0
Molecule_3091,0
Molecule_3092,0
Molecule_3093,0
Molecule_3094,0
Molecule_3095,0
Molecule_3096,0
Molecule_3097,0
Molecule_3098,0
Molecule_3099,0
Molecule_3100,0
Molecule_3101,280
Molecule_3102,0
Molecule_3103,0
Molecule_3104,0
Molecule_3105,0
Molecule_3106,0
Molecule_3107,0
Molecule_3108,170
Molecule_3109,0
Molecule_3111,0
Molecule_3112,0
Molecule_3113,300
Molecule_3114,0
Molecule_3115,0
Molecule_3116,110
Molecule_3117,0
Molecule_3118,0
Molecule_3119,0
Molecule_3120,0
Molecule_3122,0
Molecule_3123,95
Molecule_3124,0
Molecule_3125,0
Molecule_3126,0
Molecule_3127,0
Molecule_3128,0
Molecule_3129,0
Molecule_3130,0
Molecule_3131,0
Molecule_3132,110
Molecule_3133,0
Molecule_3134,0
Molecule_3135,0
Molecule_3136,0
Molecule_3137,2042
Molecule_3138,0
Molecule_3139,0
Molecule_3140,300
Molecule_3141,0
Molecule_3142,0
Molecule_3143,0
Molecule_3144,0
Molecule_3145,0
Molecule_3146,0
Molecule_3147,280
Molecule_3148,0
Molecule_3149,0
Molecule_3150,110
Molecule_3151,0
Molecule_3152,270
Molecule_3153,0
Molecule_3154,0
Molecule_3155,0
Molecule_3156,110
Molecule_3157,110
Molecule_3158,110
Molecule_3159,0
Molecule_3160,0
Molecule_3161,0
Molecule_3162,0
Molecule_3163,0
Molecule_3164,0
Molecule_3165,0
Molecule_3166,0
Molecule_3168,70
Molecule_3169,0
Molecule_3170,0
Molecule_3171,2042
Molecule_3172,0
Molecule_3173,0
Molecule_3174,0
Molecule_3175,110
Molecule_3176,0
Molecule_3177,0
Molecule_3179,155
Molecule_3180,0
Molecule_3181,0
Molecule_3182,0
Molecule_3183,0
Molecule_3184,110
Molecule_3185,0
Molecule_3186,0
Molecule_3187,200
Molecule_3188,0
Molecule_3189,0
Molecule_3190,0
Molecule_3191,110
Molecule_3192,0
Molecule_3193,0
Molecule_3194,0
Molecule_3195,110
Molecule_3196,0
Molecule_3197,0
Molecule_3198,0
Molecule_3199,0
Molecule_3200,0
Molecule_3201,0
Molecule_3202,0
Molecule_3203,0
Molecule_3204,0
Molecule_3205,0
Molecule_3206,0
Molecule_3207,0
Molecule_3208,0
Molecule_3209,0
Molecule_3210,0
Molecule_3211,0
Molecule_3212,0
Molecule_3213,0
Molecule_3214,0
Molecule_3215,0
Molecule_3216,0
Molecule_3217,0
Molecule_3218,0
Molecule_3219,110
Molecule_3220,170
Molecule_3222,0
Molecule_3223,1768
Molecule_3224,70
Molecule_3225,0
Molecule_3226,0
Molecule_3227,0
Molecule_3228,0
Molecule_3229,0
Molecule_3230,0
Molecule_3231,0
Molecule_3232,110
Molecule_3233,0
Molecule_3235,0
Molecule_3236,0
Molecule_3237,0
Molecule_3238,0
Molecule_3239,170
Molecule_3240,0
Molecule_3241,110
Molecule_3242,0
Molecule_3243,0
Molecule_3244,110
Molecule_3245,0
Molecule_3246,0
Molecule_3247,0
Molecule_3248,0
Molecule_3249,250
Molecule_3250,0
Molecule_3251,0
Molecule_3252,110
Molecule_3253,0
Molecule_3254,110
Molecule_3256,95
Molecule_3257,0
Molecule_3258,0
Molecule_3259,0
Molecule_3260,0
Molecule_3262,0
Molecule_3263,0
Molecule_3264,0
Molecule_3265,0
Molecule_3266,0
Molecule_3267,110
Molecule_3268,0
Molecule_3269,0
Molecule_3270,0
Molecule_3271,0
Molecule_3272,110
Molecule_3273,0
Molecule_3274,0
Molecule_3275,0
Molecule_3276,3118
Molecule_3277,0
Molecule_3278,0
Molecule_3280,170
Molecule_3281,0
Molecule_3282,0
Molecule_3283,0
Molecule_3284,0
Molecule_3285,110
Molecule_3286,3118
Molecule_3287,0
Molecule_3288,0
Molecule_3289,0
Molecule_3290,0
Molecule_3291,0
Molecule_3292,0
Molecule_3294,0
Molecule_3295,0
Molecule_3296,0
Molecule_3297,350
Molecule_3298,3118
Molecule_3299,170
Molecule_3300,110
Molecule_3301,0
Molecule_3302,0
Molecule_3303,170
Molecule_3305,0
Molecule_3306,1768
Molecule_3307,200
Molecule_3308,110
Molecule_3309,0
Molecule_3310,110
Molecule_3311,200
Molecule_3312,0
Molecule_3313,0
Molecule_3314,3126
Molecule_3315,0
Molecule_3316,170
Molecule_3317,0
Molecule_3318,110
Molecule_3319,0
Molecule_3320,0
Molecule_3321,0
Molecule_3322,110
Molecule_3324,0
Molecule_3325,3110
Molecule_3326,0
Molecule_3327,0
Molecule_3328,170
Molecule_3329,0
Molecule_3330,0
Molecule_3331,190
Molecule_3332,0
Molecule_3333,0
Molecule_3334,0
Molecule_3335,0
Molecule_3336,0
Molecule_3337,0
Molecule_3338,0
Molecule_3339,0
Molecule_3340,0
Molecule_3341,0
Molecule_3342,0
Molecule_3344,170
Molecule_3345,0
Molecule_3346,190
Molecule_3347,0
Molecule_3348,0
Molecule_3349,0
Molecule_3350,0
Molecule_3351,30
Molecule_3352,0
Molecule_3353,0
Molecule_3354,0
Molecule_3355,0
Molecule_3356,170
Molecule_3357,0
Molecule_3358,0
Molecule_3359,0
Molecule_3360,0
Molecule_3361,0
Molecule_3362,0
Molecule_3363,0
Molecule_3364,0
Molecule_3365,150
Molecule_3366,0
Molecule_3367,110
Molecule_3368,0
Molecule_3369,0
Molecule_3370,0
Molecule_3371,170
Molecule_3372,0
Molecule_3373,0
Molecule_3374,0
Molecule_3375,0
Molecule_3376,0
Molecule_3377,0
Molecule_3378,0
Molecule_3379,0
Molecule_3380,0
Molecule_3381,110
Molecule_3382,0
Molecule_3383,0
Molecule_3384,0
Molecule_3385,0
Molecule_3386,0
Molecule_3387,0
Molecule_3388,0
Molecule_3389,0
Molecule_3390,0
Molecule_3393,0
Molecule_3394,110
Molecule_3395,0
Molecule_3396,0
Molecule_3397,170
Molecule_3398,380
Molecule_3399,0
Molecule_3400,0
Molecule_3401,170
Molecule_3402,185
Molecule_3403,0
Molecule_3404,0
Molecule_3405,830
Molecule_3406,0
Molecule_3407,0
Molecule_3408,0
Molecule_3409,0
Molecule_3410,0
Molecule_3411,1768
Molecule_3412,190
Molecule_3413,200
Molecule_3414,180
Molecule_3415,0
Molecule_3416,2242
Molecule_3417,0
Molecule_3418,0
Molecule_3419,70
Molecule_3420,220
Molecule_3421,0
Molecule_3422,0
Molecule_3423,0
Molecule_3424,2457
Molecule_3425,0
Molecule_3426,0
Molecule_3427,0
Molecule_3428,300
Molecule_3429,560
Molecule_3431,0
Molecule_3432,0
Molecule_3433,170
Molecule_3434,0
Molecule_3435,0
Molecule_3436,0
Molecule_3437,110
Molecule_3438,60
Molecule_3439,80
Molecule_3440,0
Molecule_3441,0
Molecule_3442,0
Molecule_3443,0
Molecule_3444,90
Molecule_3445,0
Molecule_3446,0
Molecule_3448,110
Molecule_3449,110
Molecule_3450,0
Molecule_3451,0
Molecule_3452,0
Molecule_3453,110
Molecule_3454,0
Molecule_3455,0
Molecule_3456,110
Molecule_3457,70
Molecule_3458,0
Molecule_3459,2107
Molecule_3460,0
Molecule_3461,110
Molecule_3462,0
Molecule_3463,0
Molecule_3465,0
Molecule_3466,75
Molecule_3467,0
Molecule_3470,0
Molecule_3471,0
Molecule_3472,1906
Molecule_3473,0
Molecule_3474,110
Molecule_3475,0
Molecule_3477,0
Molecule_3478,4579
Molecule_3479,7393
Molecule_3480,0
Molecule_3481,0
Molecule_3482,75
Molecule_3483,170
Molecule_3484,0
Molecule_3485,0
Molecule_3486,0
Molecule_3487,2041
Molecule_3489,0
Molecule_3491,0
Molecule_3492,300
Molecule_3493,0
Molecule_3494,0
Molecule_3495,190
Molecule_3496,0
Molecule_3497,0
Molecule_3499,0
Molecule_3500,0
Molecule_3501,0
Molecule_3502,0
Molecule_3503,0
Molecule_3504,0
Molecule_3505,0
Molecule_3506,0
Molecule_3508,0
Molecule_3509,0
Molecule_3510,2497
Molecule_3511,130
Molecule_3512,0
Molecule_3513,120
Molecule_3514,240
Molecule_3518,0
Molecule_3520,170
Molecule_3522,110
Molecule_3527,0
Molecule_3528,0
Molecule_3529,0
Molecule_3530,0
Molecule_3531,0
Molecule_3532,0
Molecule_3533,0
Molecule_3534,300
Molecule_3535,0
Molecule_3536,0
Molecule_3537,0
Molecule_3538,0
Molecule_3539,0
Molecule_3540,300
Molecule_3541,0
Molecule_3542,0
Molecule_3543,7351
Molecule_3544,2781
Molecule_3545,110
Molecule_3546,0
Molecule_3548,110
Molecule_3549,0
Molecule_3551,1767
Molecule_3552,0
Molecule_3553,130
Molecule_3554,0
Molecule_3555,0
Molecule_3556,0
Molecule_3557,0
Molecule_3558,0
Molecule_3559,0
Molecule_3560,0
Molecule_3561,2101
Molecule_3562,70
Molecule_3563,200
Molecule_3564,0
Molecule_3565,0
Molecule_3566,0
Molecule_3567,0
Molecule_3568,420
Molecule_3569,0
Molecule_3570,110
Molecule_3571,190
Molecule_3572,250
Molecule_3573,170
Molecule_3574,0
Molecule_3575,0
Molecule_3576,0
Molecule_3578,0
Molecule_3579,0
Molecule_3580,0
Molecule_3581,0
Molecule_3582,0
Molecule_3583,0
Molecule_3584,0
Molecule_3585,0
Molecule_3586,0
Molecule_3587,0
Molecule_3588,0
Molecule_3589,0
Molecule_3590,0
Molecule_3591,0
Molecule_3592,0
Molecule_3593,0
Molecule_3594,0
Molecule_3595,0
Molecule_3596,0
Molecule_3597,0
Molecule_3598,0
Molecule_3599,0
Molecule_3600,0
Molecule_3601,300
Molecule_3602,0
Molecule_3603,0
Molecule_3604,200
Molecule_3605,0
Molecule_3606,0
Molecule_3607,0
Molecule_3608,110
Molecule_3609,200
Molecule_3610,110
Molecule_3612,110
Molecule_3613,110
Molecule_3614,110
Molecule_3615,110
Molecule_3616,110
Molecule_3617,0
Molecule_3618,200
Molecule_3620,0
Molecule_3621,110
Molecule_3622,0
Molecule_3623,0
Molecule_3624,0
Molecule_3625,0
Molecule_3626,0
Molecule_3627,110
Molecule_3628,0
Molecule_3629,0
Molecule_3630,110
Molecule_3631,2042
Molecule_3632,0
Molecule_3634,0
Molecule_3635,0
Molecule_3636,150
Molecule_3637,0
Molecule_3639,0
Molecule_3640,0
Molecule_3641,0
Molecule_3643,0
Molecule_3644,2309
Molecule_3645,0
Molecule_3646,0
Molecule_3647,0
Molecule_3648,0
Molecule_3649,0
Molecule_3650,80
Molecule_3651,0
Molecule_3652,2316
Molecule_3653,170
Molecule_3654,0
Molecule_3655,0
Molecule_3656,0
Molecule_3657,0
Molecule_3658,0
Molecule_3659,170
Molecule_3660,0
Molecule_3661,0
Molecule_3663,0
Molecule_3665,0
Molecule_3667,0
Molecule_3668,350
Molecule_3669,0
Molecule_3670,0
Molecule_3671,0
Molecule_3672,1982
Molecule_3674,0
Molecule_3675,110
Molecule_3676,175
Molecule_3677,0
Molecule_3678,0
Molecule_3679,0
Molecule_3680,0
Molecule_3684,0
Molecule_3685,110
Molecule_3686,0
Molecule_3687,0
Molecule_3688,0
Molecule_3689,0
Molecule_3690,0
Molecule_3691,0
Molecule_3692,90
Molecule_3693,110
Molecule_3694,110
Molecule_3695,0
Molecule_3696,0
Molecule_3697,0
Molecule_3698,0
Molecule_3699,110
Molecule_3700,0
Molecule_3701,0
Molecule_3702,0
Molecule_3703,0
Molecule_3704,0
Molecule_3705,110
Molecule_3706,0
Molecule_3708,0
Molecule_3709,0
Molecule_3710,260
Molecule_3711,0
Molecule_3712,0
Molecule_3713,380
Molecule_3714,0
Molecule_3715,0
Molecule_3716,0
Molecule_3717,0
Molecule_3718,2540
Molecule_3720,90
Molecule_3721,0
Molecule_3722,130
Molecule_3723,380
Molecule_3724,560
Molecule_3725,0
Molecule_3726,0
Molecule_3727,110
Molecule_3728,0
Molecule_3729,3118
Molecule_3730,0
Molecule_3731,0
Molecule_3732,170
Molecule_3733,0
Molecule_3734,0
Molecule_3736,0
Molecule_3737,0
Molecule_3738,0
Molecule_3739,0
Molecule_3740,0
Molecule_3741,0
Molecule_3743,0
Molecule_3744,0
Molecule_3768,0
Molecule_3769,0
Molecule_3774,110
Molecule_3777,0
Molecule_3778,0
Molecule_3779,0
Molecule_3780,0
Molecule_3781,0
Molecule_3782,0
Molecule_3783,1768
Molecule_3787,0
Molecule_3788,0
Molecule_3789,0
Molecule_3790,0
Molecule_3791,0
Molecule_3792,0
Molecule_3793,0
Molecule_3794,0
Molecule_3795,0
Molecule_3796,0
Molecule_3797,0
Molecule_3798,0
Molecule_3799,0
Molecule_3800,200
Molecule_3801,0
Molecule_3802,175
Molecule_3803,0
Molecule_3804,0
Molecule_3805,0
Molecule_3806,0
Molecule_3807,0
Molecule_3808,0
Molecule_3809,0
Molecule_3811,0
Molecule_3812,0
Molecule_3816,0
Molecule_3817,0
Molecule_3818,170
Molecule_3821,80
Molecule_3823,0
Molecule_3824,0
Molecule_3825,0
Molecule_3826,0
Molecule_3827,0
Molecule_3828,0
Molecule_3830,60
Molecule_3831,0
Molecule_3832,0
Molecule_3833,400
Molecule_3834,0
Molecule_3835,560
Molecule_3836,0
Molecule_3837,0
Molecule_3838,0
Molecule_3839,0
Molecule_3840,0
Molecule_3841,0
Molecule_3842,0
Molecule_3846,0
Molecule_3847,0
Molecule_3848,0
Molecule_3849,0
Molecule_3850,0
Molecule_3851,0
Molecule_3852,0
Molecule_3853,0
Molecule_3854,0
Molecule_3860,0
Molecule_3861,0
Molecule_3867,0
Molecule_3868,0
Molecule_3869,0
Molecule_3870,0
Molecule_3871,0
Molecule_3872,190
Molecule_3876,0
Molecule_3877,0
Molecule_3887,170
Molecule_3888,0
Molecule_3889,0
Molecule_3890,0
Molecule_3891,0
Molecule_3893,0
Molecule_3895,1768
Molecule_3897,30
Molecule_3898,170
Molecule_3899,0
Molecule_3902,0
Molecule_3904,70
Molecule_3918,0
Molecule_3919,0
Molecule_3920,0
Molecule_3921,0
Molecule_3922,0
Molecule_3943,0
Molecule_3944,0
Molecule_3949,0
Molecule_3950,0
Molecule_3963,0
Molecule_3964,0
Molecule_3965,0
Molecule_3968,0
Molecule_3985,0
Molecule_3988,3118
Molecule_3991,0
Molecule_3992,0
Molecule_3994,0
Molecule_4003,0
Molecule_4010,0
Molecule_4015,0
Molecule_4016,0
Molecule_4017,80
Molecule_4018,0
Molecule_4023,0
Molecule_4024,0
Molecule_4025,0
Molecule_4026,0
Molecule_4027,170
Molecule_4028,0
Molecule_4029,0
Molecule_4030,0
Molecule_4031,0
Molecule_4032,0
Molecule_4033,0
Molecule_4034,0
Molecule_4035,0
Molecule_4036,0
Molecule_4037,0
Molecule_4038,0
Molecule_4039,0
Molecule_4040,0
Molecule_4041,0
Molecule_4042,0
Molecule_4043,0
Molecule_4044,0
Molecule_4045,0
Molecule_4046,0
Molecule_4047,0
Molecule_4048,0
Molecule_4049,0
Molecule_4050,0
Molecule_4051,0
Molecule_4052,0
Molecule_4054,110
Molecule_4055,0
Molecule_4056,0
Molecule_4057,0
Molecule_4058,0
Molecule_4059,2107
Molecule_4060,0
Molecule_4061,0
Molecule_4062,0
Molecule_4063,0
Molecule_4064,0
Molecule_4065,0
Molecule_4066,0
Molecule_4067,0
Molecule_4068,0
Molecule_4069,0
Molecule_4070,0
Molecule_4071,0
Molecule_4072,0
Molecule_4073,0
Molecule_4074,0
Molecule_4075,0
Molecule_4076,0
Molecule_4077,0
Molecule_4078,0
Molecule_4079,0
Molecule_4080,0
Molecule_4081,0
Molecule_4083,0
Molecule_4085,0
Molecule_4086,110
Molecule_4087,175
Molecule_4088,0
Molecule_4089,1768
Molecule_4090,0
Molecule_4091,0
Molecule_4092,0
Molecule_4093,0
Molecule_4094,0
Molecule_4095,110
Molecule_4096,0
Molecule_4097,110
Molecule_4098,0
Molecule_4099,0
Molecule_4100,0
Molecule_4101,0
Molecule_4102,0
Molecule_4103,0
Molecule_4104,0
Molecule_4105,7351
Molecule_4106,0
Molecule_4107,0
Molecule_4108,0
Molecule_4111,110
Molecule_4112,0
Molecule_4113,0
Molecule_4114,0
Molecule_4115,110
Molecule_4116,0
Molecule_4117,0
Molecule_4118,0
Molecule_4119,0
Molecule_4120,0
Molecule_4122,0
Molecule_4123,0
Molecule_4124,0
Molecule_4126,3118
Molecule_4127,0
Molecule_4128,0
Molecule_4129,0
Molecule_4130,0
Molecule_4131,0
Molecule_4132,0
Molecule_4133,0
Molecule_4134,0
Molecule_4135,0
Molecule_4136,0
Molecule_4137,0
Molecule_4138,0
Molecule_4139,0
Molecule_4140,0
Molecule_4141,0
Molecule_4142,0
Molecule_4143,830
Molecule_4144,0
Molecule_4145,0
Molecule_4146,500
Molecule_4148,0
Molecule_4149,2242
Molecule_4150,0
Molecule_4151,170
Molecule_4152,0
Molecule_4153,0
Molecule_4155,0
Molecule_4156,0
Molecule_4157,290
Molecule_4159,0
Molecule_4160,0
Molecule_4161,0
Molecule_4162,0
Molecule_4163,1768
Molecule_4165,110
Molecule_4166,110
Molecule_4167,0
Molecule_4168,0
Molecule_4169,0
Molecule_4170,0
Molecule_4171,170
Molecule_4172,0
Molecule_4173,0
Molecule_4174,0
Molecule_4175,190
Molecule_4176,0
Molecule_4177,0
Molecule_4178,0
Molecule_4179,0
Molecule_4180,0
Molecule_4181,0
Molecule_4182,110
Molecule_4183,0
Molecule_4184,0
Molecule_4185,0
Molecule_4186,0
Molecule_4187,0
Molecule_4188,0
Molecule_4189,0
Molecule_4190,110
Molecule_4191,0
Molecule_4192,0
Molecule_4193,0
Molecule_4194,0
Molecule_4195,170
Molecule_4196,170
Molecule_4197,110
Molecule_4198,0
Molecule_4199,2042
Molecule_4200,0
Molecule_4201,1768
Molecule_4202,135
Molecule_4203,1768
Molecule_4204,2242
Molecule_4205,0
Molecule_4206,1768
Molecule_4207,110
Molecule_4208,110
Molecule_4209,1768
Molecule_4210,0
Molecule_4211,0
Molecule_4212,0
Molecule_4213,0
Molecule_4214,0
Molecule_4215,1768
Molecule_4216,0
Molecule_4218,300
Molecule_4219,0
Molecule_4220,0
Molecule_4221,1768
Molecule_4222,130
Molecule_4223,0
Molecule_4225,0
Molecule_4226,0
Molecule_4227,0
Molecule_4228,300
Molecule_4229,0
Molecule_4230,300
Molecule_4231,0
Molecule_4232,0
Molecule_4233,0
Molecule_4234,300
Molecule_4235,0
Molecule_4236,0
Molecule_4237,0
Molecule_4238,0
Molecule_4239,0
Molecule_4240,2799
Molecule_4241,0
Molecule_4242,190
Molecule_4243,0
Molecule_4244,70
Molecule_4246,0
Molecule_4248,0
Molecule_4249,350
Molecule_4250,0
Molecule_4251,2542
Molecule_4252,2224
Molecule_4253,110
Molecule_4254,0
Molecule_4255,0
Molecule_4256,0
Molecule_4257,0
Molecule_4258,0
Molecule_4261,170
Molecule_4262,0
Molecule_4263,0
Molecule_4265,0
Molecule_4266,0
Molecule_4267,0
Molecule_4268,0
Molecule_4269,0
Molecule_4270,0
Molecule_4271,0
Molecule_4272,110
Molecule_4273,0
Molecule_4274,110
Molecule_4275,0
Molecule_4277,0
Molecule_4278,3118
Molecule_4279,2032
Molecule_4280,0
Molecule_4281,0
Molecule_4282,0
Molecule_4283,0
Molecule_4284,165
Molecule_4285,0
Molecule_4286,70
Molecule_4288,110
Molecule_4289,0
Molecule_4290,0
Molecule_4291,0
Molecule_4292,0
Molecule_4293,0
Molecule_4294,0
Molecule_4295,0
Molecule_4296,0
Molecule_4297,0
Molecule_4298,0
Molecule_4299,190
Molecule_4300,110
Molecule_4301,0
Molecule_4303,190
Molecule_4304,0
Molecule_4305,0
Molecule_4306,0
Molecule_4307,0
Molecule_4308,0
Molecule_4310,0
Molecule_4311,0
Molecule_4312,0
Molecule_4313,0
Molecule_4314,0
Molecule_4315,0
Molecule_4316,0
Molecule_4317,0
Molecule_4318,0
Molecule_4319,0
Molecule_4320,0
Molecule_4321,0
Molecule_4322,0
Molecule_4323,0
Molecule_4324,0
Molecule_4325,0
Molecule_4326,0
Molecule_4327,0
Molecule_4328,0
Molecule_4329,0
Molecule_4330,0
Molecule_4331,0
Molecule_4332,0
Molecule_4333,0
Molecule_4334,0
Molecule_4335,0
Molecule_4336,0
Molecule_4337,170
Molecule_4338,0
Molecule_4339,0
Molecule_4340,0
Molecule_4341,0
Molecule_4342,0
Molecule_4343,0
Molecule_4344,0
Molecule_4345,0
Molecule_4346,0
Molecule_4347,0
Molecule_4348,0
Molecule_4349,110
Molecule_4350,0
Molecule_4351,0
Molecule_4352,0
Molecule_4353,0
Molecule_4354,0
Molecule_4355,0
Molecule_4356,0
Molecule_4357,0
Molecule_4358,0
Molecule_4359,0
Molecule_4360,0
Molecule_4361,0
Molecule_4362,0
Molecule_4363,0
Molecule_4364,0
Molecule_4365,0
Molecule_4366,0
Molecule_4367,0
Molecule_4368,110
Molecule_4369,0
Molecule_4370,0
Molecule_4371,0
Molecule_4372,0
Molecule_4373,0
Molecule_4374,0
Molecule_4375,0
Molecule_4376,0
Molecule_4377,0
Molecule_4378,0
Molecule_4379,0
Molecule_4380,0
Molecule_4382,0
Molecule_4384,0
Molecule_4385,300
Molecule_4386,30
Molecule_4388,0
Molecule_4389,0
Molecule_4390,0
Molecule_4391,0
Molecule_4392,0
Molecule_4393,0
Molecule_4394,0
Molecule_4395,110
Molecule_4396,0
Molecule_4397,0
Molecule_4398,0
Molecule_4399,0
Molecule_4400,300
Molecule_4401,0
Molecule_4402,0
Molecule_4403,0
Molecule_4404,0
Molecule_4405,0
Molecule_4406,0
Molecule_4407,0
Molecule_4408,0
Molecule_4409,70
Molecule_4410,0
Molecule_4411,110
Molecule_4412,0
Molecule_4413,3306
Molecule_4414,0
Molecule_4415,110
Molecule_4416,0
Molecule_4417,0
Molecule_4418,0
Molecule_4419,0
Molecule_4420,0
Molecule_4421,110
Molecule_4422,0
Molecule_4423,0
Molecule_4424,0
Molecule_4425,0
Molecule_4426,0
Molecule_4427,0
Molecule_4428,110
Molecule_4429,0
Molecule_4430,570
Molecule_4431,110
Molecule_4432,0
Molecule_4433,0
Molecule_4434,0
Molecule_4435,0
Molecule_4436,0
Molecule_4437,0
Molecule_4438,0
Molecule_4439,0
Molecule_4440,0
Molecule_4441,170
Molecule_4442,190
Molecule_4443,0
Molecule_4444,0
Molecule_4445,0
Molecule_4446,0
Molecule_4447,110
Molecule_4448,0
Molecule_4449,0
Molecule_4450,0
Molecule_4451,0
Molecule_4452,0
Molecule_4453,0
Molecule_4454,120
Molecule_4455,0
Molecule_4456,0
Molecule_4457,0
Molecule_4458,170
Molecule_4459,0
Molecule_4460,0
Molecule_4461,0
Molecule_4462,0
Molecule_4463,0
Molecule_4464,0
Molecule_4465,0
Molecule_4466,0
Molecule_4467,0
Molecule_4468,0
Molecule_4469,0
Molecule_4470,0
Molecule_4471,0
Molecule_4473,0
Molecule_4474,0
Molecule_4475,0
Molecule_4476,0
Molecule_4477,0
Molecule_4478,0
Molecule_4479,0
Molecule_4480,0
Molecule_4481,0
Molecule_4482,0
Molecule_4483,0
Molecule_4484,235
Molecule_4485,0
Molecule_4487,0
Molecule_4488,0
Molecule_4489,2042
Molecule_4490,190
Molecule_4491,0
Molecule_4492,110
Molecule_4493,0
Molecule_4494,0
Molecule_4495,0
Molecule_4496,115
Molecule_4497,0
Molecule_4498,3118
Molecule_4499,0
Molecule_4500,0
Molecule_4501,3533
Molecule_4502,0
Molecule_4503,0
Molecule_4504,0
Molecule_4505,0
Molecule_4506,0
Molecule_4507,170
Molecule_4508,0
Molecule_4509,0
Molecule_4510,0
Molecule_4511,0
Molecule_4512,240
Molecule_4513,0
Molecule_4514,0
Molecule_4515,0
Molecule_4516,0
Molecule_4517,0
Molecule_4518,0
Molecule_4519,110
Molecule_4520,0
Molecule_4521,0
Molecule_4522,0
Molecule_4524,0
Molecule_4525,0
Molecule_4526,0
Molecule_4527,0
Molecule_4528,0
Molecule_4529,0
Molecule_4530,0
Molecule_4531,0
Molecule_4532,175
Molecule_4533,0
Molecule_4534,200
Molecule_4535,0
Molecule_4536,0
Molecule_4537,0
Molecule_4538,0
Molecule_4539,0
Molecule_4540,0
Molecule_4541,0
Molecule_4542,0
Molecule_4543,0
Molecule_4544,0
Molecule_4545,0
Molecule_4546,0
Molecule_4547,0
Molecule_4548,0
Molecule_4549,0
Molecule_4550,0
Molecule_4551,0
Molecule_4552,0
Molecule_4553,0
Molecule_4554,0
Molecule_4555,0
Molecule_4556,0
Molecule_4557,0
Molecule_4558,0
Molecule_4560,0
Molecule_4561,0
Molecule_4562,0
Molecule_4564,0
Molecule_4565,0
Molecule_4566,0
Molecule_4567,0
Molecule_4568,0
Molecule_4569,0
Molecule_4570,0
Molecule_4571,0
Molecule_4572,0
Molecule_4573,0
Molecule_4574,0
Molecule_4575,0
Molecule_4576,0
Molecule_4577,0
Molecule_4578,0
Molecule_4579,0
Molecule_4580,0
Molecule_4581,0
Molecule_4582,0
Molecule_4583,0
Molecule_4584,0
Molecule_4585,0
Molecule_4586,0
Molecule_4587,0
Molecule_4588,0
Molecule_4589,0
Molecule_4590,0
Molecule_4591,0
Molecule_4592,0
Molecule_4593,0
Molecule_4594,0
Molecule_4595,0
Molecule_4596,0
Molecule_4597,0
Molecule_4598,0
Molecule_4599,0
Molecule_4600,0
Molecule_4601,0
Molecule_4602,0
Molecule_4603,0
Molecule_4604,0
Molecule_4605,0
Molecule_4606,0
Molecule_4607,0
Molecule_4608,0
Molecule_4609,0
Molecule_4611,0
Molecule_4612,0
Molecule_4613,0
Molecule_4614,0
Molecule_4615,0
Molecule_4616,0
Molecule_4617,0
Molecule_4618,0
Molecule_4619,0
Molecule_4620,0
Molecule_4621,0
Molecule_4622,0
Molecule_4623,0
Molecule_4624,0
Molecule_4625,0
Molecule_4626,0
Molecule_4627,0
Molecule_4628,0
Molecule_4629,0
Molecule_4630,0
Molecule_4631,0
Molecule_4632,0
Molecule_4633,0
Molecule_4634,0
Molecule_4635,0
Molecule_4636,0
Molecule_4637,0
Molecule_4638,0
Molecule_4639,0
Molecule_4640,0
Molecule_4641,0
Molecule_4642,0
Molecule_4643,0
Molecule_4644,0
Molecule_4645,0
Molecule_4646,0
Molecule_4647,0
Molecule_4648,0
Molecule_4649,0
Molecule_4650,0
Molecule_4651,0
Molecule_4652,0
Molecule_4653,0
Molecule_4654,0
Molecule_4655,0
Molecule_4656,0
Molecule_4657,0
Molecule_4658,170
Molecule_4659,0
Molecule_4660,0
Molecule_4661,0
Molecule_4662,1655
Molecule_4663,0
Molecule_4664,0
Molecule_4665,0
Molecule_4666,0
Molecule_4667,350
Molecule_4668,60
Molecule_4669,0
Molecule_4670,170
Molecule_4671,0
Molecule_4672,0
Molecule_4673,0
Molecule_4674,0
Molecule_4675,0
Molecule_4676,0
Molecule_4677,0
Molecule_4678,0
Molecule_4679,0
Molecule_4680,0
Molecule_4681,0
Molecule_4682,350
Molecule_4683,0
Molecule_4684,0
Molecule_4685,0
Molecule_4686,0
Molecule_4687,0
Molecule_4688,0
Molecule_4689,0
Molecule_4690,0
Molecule_4691,0
Molecule_4692,0
Molecule_4693,0
Molecule_4694,0
Molecule_4695,0
Molecule_4696,0
Molecule_4697,0
Molecule_4698,0
Molecule_4699,0
Molecule_4700,0
Molecule_4701,0
Molecule_4702,0
Molecule_4703,0
Molecule_4704,0
Molecule_4705,0
Molecule_4706,0
Molecule_4707,0
Molecule_4708,0
Molecule_4709,0
Molecule_4710,0
Molecule_4711,0
Molecule_4712,0
Molecule_4713,0
Molecule_4714,0
Molecule_4715,0
Molecule_4716,0
Molecule_4717,0
Molecule_4718,0
Molecule_4719,0
Molecule_4720,0
Molecule_4721,0
Molecule_4722,0
Molecule_4723,0
Molecule_4724,0
Molecule_4725,0
Molecule_4726,0
Molecule_4727,0
Molecule_4728,0
Molecule_4729,0
Molecule_4730,110
Molecule_4731,0
Molecule_4732,0
Molecule_4733,0
Molecule_4734,0
Molecule_4735,0
Molecule_4736,0
Molecule_4737,0
Molecule_4738,0
Molecule_4739,2032
Molecule_4740,170
Molecule_4741,0
Molecule_4742,125
Molecule_4743,170
Molecule_4744,0
Molecule_4745,0
Molecule_4746,0
Molecule_4747,170
Molecule_4748,110
Molecule_4749,2542
Molecule_4750,170
Molecule_4751,0
Molecule_4752,0
Molecule_4753,0
Molecule_4754,70
Molecule_4755,0
Molecule_4756,0
Molecule_4757,0
Molecule_4758,0
Molecule_4759,0
Molecule_4760,0
Molecule_4761,0
Molecule_4762,0
Molecule_4764,0
Molecule_4765,110
Molecule_4766,70
Molecule_4767,0
Molecule_4768,0
Molecule_4769,0
Molecule_4770,0
Molecule_4771,0
Molecule_4772,0
Molecule_4773,0
Molecule_4774,0
Molecule_4775,0
Molecule_4776,0
Molecule_4777,0
Molecule_4779,110
Molecule_4780,0
Molecule_4781,0
Molecule_4782,0
Molecule_4784,0
Molecule_4785,0
Molecule_4786,0
Molecule_4787,0
Molecule_4788,110
Molecule_4789,0
Molecule_4791,0
Molecule_4792,0
Molecule_4793,0
Molecule_4794,0
Molecule_4795,170
Molecule_4796,0
Molecule_4797,0
Molecule_4798,0
Molecule_4799,0
Molecule_4800,0
Molecule_4801,0
Molecule_4802,0
Molecule_4803,0
Molecule_4804,0
Molecule_4805,530
Molecule_4806,0
Molecule_4807,0
Molecule_4808,0
Molecule_4809,0
Molecule_4810,0
Molecule_4813,0
Molecule_4814,0
Molecule_4815,0
Molecule_4816,500
Molecule_4817,110
Molecule_4818,110
Molecule_4820,110
Molecule_4821,110
Molecule_4822,110
Molecule_4823,110
Molecule_4824,110
Molecule_4826,0
Molecule_4827,200
Molecule_4828,500
Molecule_4830,110
Molecule_4831,110
Molecule_4832,110
